,CNO,SEX,AGGT,DIV,DETAILED SUBJECTS,centre_ref,centre_name,region
0,S0116/0001,M,19,II,CIV - 'C' HIST - 'C' GEO - 'C' E/D/KIISLAMU - 'D' KISW - 'B' ENGL - 'C' PHY - 'D' CHEM - 'C' BIO - 'B' B/MATH - 'F',S0116,KANTALAMBA,RUKWA
1,S0116/0003,M,22,III,CIV - 'C' HIST - 'C' GEO - 'D' KISW - 'B' ENGL - 'D' BIO - 'C' AGRI - 'C' B/MATH - 'F',S0116,KANTALAMBA,RUKWA
2,S0116/0004,M,11,I,CIV - 'B' HIST - 'C' GEO - 'B' KISW - 'B' ENGL - 'C' PHY - 'C' CHEM - 'A' BIO - 'A' AGRI - 'B' B/MATH - 'A',S0116,KANTALAMBA,RUKWA
3,S0116/0005,M,19,II,CIV - 'C' HIST - 'C' GEO - 'C' KISW - 'C' ENGL - 'C' PHY - 'D' CHEM - 'C' BIO - 'A' AGRI - 'C' B/MATH - 'F',S0116,KANTALAMBA,RUKWA
4,S0116/0006,M,18,II,CIV - 'C' HIST - 'C' GEO - 'C' KISW - 'C' ENGL - 'C' PHY - 'C' CHEM - 'B' BIO - 'A' AGRI - 'C' B/MATH - 'C',S0116,KANTALAMBA,RUKWA
5,S0116/0007,M,10,I,CIV - 'B' HIST - 'B' GEO - 'B' KISW - 'B' ENGL - 'A' PHY - 'C' CHEM - 'A' BIO - 'A' AGRI - 'B' B/MATH - 'A',S0116,KANTALAMBA,RUKWA
6,S0116/0008,M,9,I,CIV - 'B' HIST - 'A' GEO - 'B' KISW - 'B' ENGL - 'A' PHY - 'C' CHEM - 'A' BIO - 'A' AGRI - 'B' B/MATH - 'A',S0116,KANTALAMBA,RUKWA
7,S0116/0009,M,25,III,CIV - 'D' HIST - 'C' GEO - 'D' KISW - 'B' ENGL - 'D' BIO - 'C' B/MATH - 'F',S0116,KANTALAMBA,RUKWA
8,S0116/0010,M,19,II,CIV - 'C' HIST - 'C' GEO - 'C' KISW - 'B' ENGL - 'C' PHY - 'D' CHEM - 'B' BIO - 'C' B/MATH - 'C',S0116,KANTALAMBA,RUKWA
9,S0116/0011,M,23,III,CIV - 'C' HIST - 'C' GEO - 'D' PHY EDU - 'D' KISW - 'C' ENGL - 'C' BIO - 'C' B/MATH - 'F',S0116,KANTALAMBA,RUKWA
10,S0116/0012,M,7,I,CIV - 'B' HIST - 'A' GEO - 'A' KISW - 'A' ENGL - 'A' PHY - 'A' CHEM - 'A' BIO - 'A' B/MATH - 'A',S0116,KANTALAMBA,RUKWA
11,S0116/0013,M,17,I,CIV - 'C' HIST - 'C' GEO - 'C' KISW - 'B' ENGL - 'C' PHY - 'C' CHEM - 'B' BIO - 'A' AGRI - 'C' B/MATH - 'C',S0116,KANTALAMBA,RUKWA
12,S0116/0014,M,21,II,CIV - 'C' HIST - 'C' GEO - 'C' KISW - 'C' ENGL - 'C' BIO - 'B' AGRI - 'D' B/MATH - 'F',S0116,KANTALAMBA,RUKWA
13,S0116/0015,M,20,II,CIV - 'C' HIST - 'C' GEO - 'C' KISW - 'C' ENGL - 'C' BIO - 'B' AGRI - 'C' B/MATH - 'F',S0116,KANTALAMBA,RUKWA
14,S0116/0016,M,7,I,CIV - 'B' HIST - 'A' GEO - 'A' KISW - 'A' ENGL - 'B' PHY - 'A' CHEM - 'A' BIO - 'A' B/MATH - 'A',S0116,KANTALAMBA,RUKWA
15,S0116/0017,M,26,IV,CIV - 'C' HIST - 'D' GEO - 'D' PHY EDU - 'F' KISW - 'C' ENGL - 'C' BIO - 'D' B/MATH - 'F',S0116,KANTALAMBA,RUKWA
16,S0116/0018,M,23,III,CIV - 'C' HIST - 'C' GEO - 'D' KISW - 'C' ENGL - 'C' BIO - 'C' AGRI - 'D' B/MATH - 'F',S0116,KANTALAMBA,RUKWA
17,S0116/0019,M,20,II,CIV - 'C' HIST - 'C' GEO - 'C' PHY EDU - 'C' KISW - 'C' ENGL - 'C' BIO - 'B' B/MATH - 'F',S0116,KANTALAMBA,RUKWA
18,S0116/0020,M,14,I,CIV - 'C' HIST - 'B' GEO - 'C' KISW - 'A' ENGL - 'C' PHY - 'C' CHEM - 'A' BIO - 'A' B/MATH - 'C',S0116,KANTALAMBA,RUKWA
19,S0116/0021,M,14,I,CIV - 'C' HIST - 'A' GEO - 'C' KISW - 'B' ENGL - 'B' PHY - 'D' CHEM - 'C' BIO - 'A' AGRI - 'B' B/MATH - 'C',S0116,KANTALAMBA,RUKWA
20,S0116/0022,M,23,III,CIV - 'C' HIST - 'C' GEO - 'D' PHY EDU - 'D' KISW - 'D' ENGL - 'B' BIO - 'C' AGRI - 'D' B/MATH - 'F',S0116,KANTALAMBA,RUKWA
21,S0116/0023,M,25,III,CIV - 'C' HIST - 'D' GEO - 'C' PHY EDU - 'D' KISW - 'C' ENGL - 'D' BIO - 'D' AGRI - 'F' B/MATH - 'F',S0116,KANTALAMBA,RUKWA
22,S0116/0024,M,13,I,CIV - 'C' HIST - 'B' GEO - 'C' KISW - 'C' ENGL - 'B' PHY - 'C' CHEM - 'A' BIO - 'A' AGRI - 'C' B/MATH - 'A',S0116,KANTALAMBA,RUKWA
23,S0116/0025,M,21,II,CIV - 'C' HIST - 'C' GEO - 'C' KISW - 'C' ENGL - 'D' PHY - 'D' CHEM - 'C' BIO - 'C' AGRI - 'C' B/MATH - 'C',S0116,KANTALAMBA,RUKWA
24,S0116/0026,M,21,II,CIV - 'C' HIST - 'C' GEO - 'C' KISW - 'C' ENGL - 'C' CHEM - 'C' BIO - 'C' AGRI - 'C' B/MATH - 'F',S0116,KANTALAMBA,RUKWA
25,S0116/0027,M,10,I,CIV - 'C' HIST - 'B' GEO - 'B' KISW - 'A' ENGL - 'B' PHY - 'C' CHEM - 'A' BIO - 'A' B/MATH - 'A',S0116,KANTALAMBA,RUKWA
26,S0116/0028,M,28,IV,CIV - 'F' HIST - 'D' GEO - 'D' KISW - 'D' ENGL - 'D' BIO - 'C' B/MATH - 'D',S0116,KANTALAMBA,RUKWA
27,S0116/0029,M,25,III,CIV - 'D' HIST - 'C' GEO - 'D' KISW - 'C' ENGL - 'D' BIO - 'C' AGRI - 'D' B/MATH - 'F',S0116,KANTALAMBA,RUKWA
28,S0116/0030,M,22,III,CIV - 'C' HIST - 'C' GEO - 'D' KISW - 'C' ENGL - 'C' BIO - 'C' AGRI - 'C' B/MATH - 'F',S0116,KANTALAMBA,RUKWA
29,S0116/0031,M,20,II,CIV - 'C' HIST - 'C' GEO - 'C' PHY EDU - 'C' KISW - 'C' ENGL - 'C' BIO - 'B' B/MATH - 'D',S0116,KANTALAMBA,RUKWA
30,S0116/0032,M,26,IV,CIV - 'D' HIST - 'D' GEO - 'D' KISW - 'D' ENGL - 'C' BIO - 'C' AGRI - 'D' B/MATH - 'F',S0116,KANTALAMBA,RUKWA
31,S0116/0033,M,23,III,CIV - 'D' HIST - 'B' GEO - 'C' KISW - 'C' ENGL - 'C' BIO - 'C' AGRI - 'F' B/MATH - 'F',S0116,KANTALAMBA,RUKWA
32,S0116/0034,M,17,I,CIV - 'C' HIST - 'B' GEO - 'C' KISW - 'C' ENGL - 'C' PHY - 'C' CHEM - 'B' BIO - 'A' AGRI - 'C' B/MATH - 'C',S0116,KANTALAMBA,RUKWA
33,S0116/0035,M,22,III,CIV - 'C' HIST - 'C' GEO - 'D' KISW - 'B' ENGL - 'C' BIO - 'C' AGRI - 'D' B/MATH - 'F',S0116,KANTALAMBA,RUKWA
34,S0116/0036,M,24,III,CIV - 'C' HIST - 'C' GEO - 'D' PHY EDU - 'D' KISW - 'C' ENGL - 'D' BIO - 'C' B/MATH - 'F',S0116,KANTALAMBA,RUKWA
35,S0116/0037,M,22,III,CIV - 'C' HIST - 'C' GEO - 'D' PHY EDU - 'C' KISW - 'C' ENGL - 'C' BIO - 'C' B/MATH - 'F',S0116,KANTALAMBA,RUKWA
36,S0116/0038,M,21,II,CIV - 'C' HIST - 'C' GEO - 'C' KISW - 'C' ENGL - 'C' PHY - 'F' BIO - 'C' B/MATH - 'C',S0116,KANTALAMBA,RUKWA
37,S0116/0039,M,23,III,CIV - 'C' HIST - 'D' GEO - 'D' KISW - 'C' ENGL - 'C' PHY - 'F' BIO - 'B' AGRI - 'D' B/MATH - 'F',S0116,KANTALAMBA,RUKWA
38,S0116/0040,M,21,II,CIV - 'C' HIST - 'C' GEO - 'D' KISW - 'C' ENGL - 'C' CHEM - 'C' BIO - 'C' AGRI - 'C' B/MATH - 'D',S0116,KANTALAMBA,RUKWA
39,S0116/0041,M,22,III,CIV - 'D' HIST - 'C' GEO - 'C' KISW - 'C' ENGL - 'D' PHY - 'D' BIO - 'B' B/MATH - 'C',S0116,KANTALAMBA,RUKWA
40,S0116/0042,M,30,IV,CIV - 'C' HIST - 'D' GEO - 'F' KISW - 'D' ENGL - 'F' BIO - 'D' AGRI - 'F' B/MATH - 'F',S0116,KANTALAMBA,RUKWA
41,S0116/0043,M,8,I,CIV - 'B' HIST - 'A' GEO - 'B' KISW - 'A' ENGL - 'B' PHY - 'C' CHEM - 'A' BIO - 'A' AGRI - 'A' B/MATH - 'A',S0116,KANTALAMBA,RUKWA
42,S0116/0044,M,16,I,CIV - 'C' HIST - 'B' GEO - 'C' KISW - 'A' ENGL - 'C' PHY - 'C' CHEM - 'C' BIO - 'B' AGRI - 'B' B/MATH - 'C',S0116,KANTALAMBA,RUKWA
43,S0116/0045,M,22,III,CIV - 'C' HIST - 'C' GEO - 'D' KISW - 'C' ENGL - 'C' PHY - 'D' CHEM - 'C' BIO - 'C' B/MATH - 'D',S0116,KANTALAMBA,RUKWA
44,S0116/0046,M,31,IV,CIV - 'F' HIST - 'D' GEO - 'F' PHY EDU - 'F' KISW - 'D' ENGL - 'D' BIO - 'D' B/MATH - 'F',S0116,KANTALAMBA,RUKWA
45,S0116/0047,M,26,IV,CIV - 'C' HIST - 'C' GEO - 'F' KISW - 'C' ENGL - 'D' BIO - 'C' B/MATH - 'F',S0116,KANTALAMBA,RUKWA
46,S0116/0048,M,10,I,CIV - 'A' HIST - 'B' GEO - 'C' KISW - 'B' ENGL - 'A' PHY - 'C' CHEM - 'B' BIO - 'A' AGRI - 'B' B/MATH - 'A',S0116,KANTALAMBA,RUKWA
47,S0116/0049,M,25,III,CIV - 'C' HIST - 'D' GEO - 'C' KISW - 'C' ENGL - 'D' BIO - 'C' B/MATH - 'F',S0116,KANTALAMBA,RUKWA
48,S0116/0050,M,24,III,CIV - 'C' HIST - 'C' GEO - 'D' PHY EDU - 'D' KISW - 'C' ENGL - 'C' BIO - 'D' AGRI - 'D' B/MATH - 'F',S0116,KANTALAMBA,RUKWA
49,S0116/0051,M,20,II,CIV - 'C' HIST - 'B' GEO - 'C' PHY EDU - 'D' KISW - 'C' ENGL - 'B' BIO - 'C' B/MATH - 'F',S0116,KANTALAMBA,RUKWA
50,S0116/0052,M,19,II,CIV - 'C' HIST - 'C' GEO - 'C' PHY EDU - 'C' KISW - 'C' ENGL - 'B' BIO - 'B' AGRI - 'C' B/MATH - 'F',S0116,KANTALAMBA,RUKWA
51,S0116/0053,M,19,II,CIV - 'C' HIST - 'C' GEO - 'C' KISW - 'B' ENGL - 'C' PHY - 'D' CHEM - 'C' BIO - 'B' AGRI - 'C' B/MATH - 'D',S0116,KANTALAMBA,RUKWA
52,S0116/0054,M,16,I,CIV - 'C' HIST - 'C' GEO - 'C' PHY EDU - 'C' KISW - 'B' ENGL - 'C' PHY - 'C' CHEM - 'A' BIO - 'B' B/MATH - 'B',S0116,KANTALAMBA,RUKWA
53,S0116/0055,M,11,I,CIV - 'C' HIST - 'B' GEO - 'B' KISW - 'B' ENGL - 'C' PHY - 'B' CHEM - 'A' BIO - 'A' B/MATH - 'A',S0116,KANTALAMBA,RUKWA
54,S0116/0056,M,21,II,CIV - 'C' HIST - 'C' GEO - 'D' KISW - 'C' ENGL - 'C' PHY - 'D' CHEM - 'C' BIO - 'B' B/MATH - 'F',S0116,KANTALAMBA,RUKWA
55,S0116/0057,M,22,III,CIV - 'C' HIST - 'C' GEO - 'D' KISW - 'C' ENGL - 'C' PHY - 'D' CHEM - 'D' BIO - 'C' AGRI - 'D' B/MATH - 'C',S0116,KANTALAMBA,RUKWA
56,S0116/0058,M,10,I,CIV - 'B' HIST - 'B' GEO - 'C' E/D/KIISLAMU - 'B' KISW - 'A' ENGL - 'C' PHY - 'C' CHEM - 'A' BIO - 'A' B/MATH - 'A',S0116,KANTALAMBA,RUKWA
57,S0116/0059,M,10,I,CIV - 'C' HIST - 'A' GEO - 'B' KISW - 'B' ENGL - 'B' PHY - 'B' CHEM - 'A' BIO - 'A' AGRI - 'B' B/MATH - 'A',S0116,KANTALAMBA,RUKWA
58,S0116/0060,M,16,I,CIV - 'C' HIST - 'C' GEO - 'C' KISW - 'B' ENGL - 'B' PHY - 'C' CHEM - 'B' BIO - 'B' AGRI - 'C' B/MATH - 'B',S0116,KANTALAMBA,RUKWA
59,S0116/0061,M,20,II,CIV - 'C' HIST - 'B' GEO - 'C' PHY EDU - 'C' KISW - 'C' ENGL - 'C' BIO - 'C' B/MATH - 'D',S0116,KANTALAMBA,RUKWA
60,S0116/0062,M,20,II,CIV - 'C' HIST - 'C' GEO - 'C' KISW - 'C' ENGL - 'C' PHY - 'C' CHEM - 'C' BIO - 'B' B/MATH - 'C',S0116,KANTALAMBA,RUKWA
61,S0116/0063,M,13,I,CIV - 'B' HIST - 'B' GEO - 'C' KISW - 'B' ENGL - 'B' PHY - 'C' CHEM - 'B' BIO - 'A' AGRI - 'B' B/MATH - 'C',S0116,KANTALAMBA,RUKWA
62,S0116/0064,M,27,IV,CIV - 'D' HIST - 'D' GEO - 'D' KISW - 'C' ENGL - 'D' BIO - 'C' B/MATH - 'F',S0116,KANTALAMBA,RUKWA
63,S0116/0065,M,7,I,CIV - 'B' HIST - 'A' GEO - 'C' KISW - 'A' ENGL - 'A' PHY - 'A' CHEM - 'A' BIO - 'A' B/MATH - 'A',S0116,KANTALAMBA,RUKWA
64,S0116/0066,M,12,I,CIV - 'B' HIST - 'A' GEO - 'C' KISW - 'C' ENGL - 'B' PHY - 'C' CHEM - 'A' BIO - 'A' AGRI - 'B' B/MATH - 'C',S0116,KANTALAMBA,RUKWA
65,S0116/0067,M,25,III,CIV - 'D' HIST - 'C' GEO - 'D' KISW - 'B' ENGL - 'D' BIO - 'D' AGRI - 'D' B/MATH - 'F',S0116,KANTALAMBA,RUKWA
66,S0116/0068,M,20,II,CIV - 'C' HIST - 'C' GEO - 'D' KISW - 'C' ENGL - 'C' PHY - 'D' CHEM - 'C' BIO - 'B' AGRI - 'C' B/MATH - 'C',S0116,KANTALAMBA,RUKWA
67,S0116/0069,M,20,II,CIV - 'C' HIST - 'C' GEO - 'C' KISW - 'C' ENGL - 'C' PHY - 'D' CHEM - 'C' BIO - 'B' AGRI - 'C' B/MATH - 'C',S0116,KANTALAMBA,RUKWA
68,S0116/0070,M,14,I,CIV - 'C' HIST - 'B' GEO - 'C' KISW - 'C' ENGL - 'C' PHY - 'C' CHEM - 'A' BIO - 'A' AGRI - 'C' B/MATH - 'A',S0116,KANTALAMBA,RUKWA
69,S0116/0071,M,20,II,CIV - 'C' HIST - 'C' GEO - 'C' KISW - 'C' ENGL - 'C' PHY - 'D' CHEM - 'C' BIO - 'B' AGRI - 'C' B/MATH - 'D',S0116,KANTALAMBA,RUKWA
70,S0116/0072,M,10,I,CIV - 'B' HIST - 'B' GEO - 'B' KISW - 'A' ENGL - 'B' PHY - 'B' CHEM - 'A' BIO - 'A' B/MATH - 'A',S0116,KANTALAMBA,RUKWA
71,S0116/0073,M,21,II,CIV - 'C' HIST - 'B' GEO - 'C' KISW - 'C' ENGL - 'C' BIO - 'B' B/MATH - 'F',S0116,KANTALAMBA,RUKWA
72,S0116/0074,M,16,I,CIV - 'C' HIST - 'C' GEO - 'C' KISW - 'C' ENGL - 'C' PHY - 'B' CHEM - 'B' BIO - 'A' B/MATH - 'B',S0116,KANTALAMBA,RUKWA
73,S0116/0075,M,19,II,CIV - 'C' HIST - 'A' GEO - 'C' E/D/KIISLAMU - 'D' KISW - 'C' ENGL - 'C' BIO - 'B' AGRI - 'D' B/MATH - 'F',S0116,KANTALAMBA,RUKWA
74,S0116/0076,M,22,III,CIV - 'C' HIST - 'C' GEO - 'C' PHY EDU - 'D' KISW - 'C' ENGL - 'C' BIO - 'C' B/MATH - 'F',S0116,KANTALAMBA,RUKWA
75,S0116/0077,M,8,I,CIV - 'B' HIST - 'A' GEO - 'B' KISW - 'C' ENGL - 'A' PHY - 'A' CHEM - 'A' BIO - 'A' B/MATH - 'A',S0116,KANTALAMBA,RUKWA
76,S0116/0078,M,11,I,CIV - 'C' HIST - 'B' GEO - 'B' KISW - 'B' ENGL - 'C' PHY - 'C' CHEM - 'A' BIO - 'A' AGRI - 'B' B/MATH - 'A',S0116,KANTALAMBA,RUKWA
77,S0116/0079,M,11,I,CIV - 'C' HIST - 'B' GEO - 'B' KISW - 'B' ENGL - 'C' PHY - 'C' CHEM - 'A' BIO - 'A' AGRI - 'B' B/MATH - 'A',S0116,KANTALAMBA,RUKWA
78,S0116/0080,M,20,II,CIV - 'C' HIST - 'C' GEO - 'C' KISW - 'C' ENGL - 'C' PHY - 'D' CHEM - 'C' BIO - 'B' B/MATH - 'F',S0116,KANTALAMBA,RUKWA
79,S0116/0081,M,15,I,CIV - 'B' HIST - 'B' GEO - 'C' KISW - 'B' ENGL - 'C' PHY - 'C' CHEM - 'B' BIO - 'A' AGRI - 'C' B/MATH - 'C',S0116,KANTALAMBA,RUKWA
80,S0116/0082,M,12,I,CIV - 'B' HIST - 'B' GEO - 'B' KISW - 'B' ENGL - 'C' PHY - 'C' CHEM - 'A' BIO - 'A' AGRI - 'C' B/MATH - 'B',S0116,KANTALAMBA,RUKWA
81,S0116/0083,M,16,I,CIV - 'C' HIST - 'B' GEO - 'C' KISW - 'B' ENGL - 'B' PHY - 'C' CHEM - 'B' BIO - 'B' AGRI - 'C' B/MATH - 'C',S0116,KANTALAMBA,RUKWA
82,S0116/0084,M,10,I,CIV - 'C' HIST - 'B' GEO - 'B' KISW - 'B' ENGL - 'B' PHY - 'A' CHEM - 'A' BIO - 'A' B/MATH - 'A',S0116,KANTALAMBA,RUKWA
83,S0116/0085,M,18,II,CIV - 'C' HIST - 'B' GEO - 'C' PHY EDU - 'C' KISW - 'B' ENGL - 'C' BIO - 'B' AGRI - 'D' B/MATH - 'F',S0116,KANTALAMBA,RUKWA
84,S0116/0086,M,17,I,CIV - 'B' HIST - 'B' GEO - 'C' PHY EDU - 'C' KISW - 'C' ENGL - 'C' CHEM - 'C' BIO - 'B' AGRI - 'B' B/MATH - 'D',S0116,KANTALAMBA,RUKWA
85,S0116/0087,M,20,II,CIV - 'C' HIST - 'C' GEO - 'C' KISW - 'C' ENGL - 'C' PHY - 'C' CHEM - 'C' BIO - 'B' AGRI - 'C' B/MATH - 'C',S0116,KANTALAMBA,RUKWA
0,S0117/0001,M,22,III,CIV - 'C' HIST - 'C' GEO - 'C' B/KNOWL - 'D' KISW - 'C' ENGL - 'D' PHY - 'D' CHEM - 'C' BIO - 'C' B/MATH - 'D',S0117,KASITA SEMINARY,MOROGORO
1,S0117/0002,M,23,III,CIV - 'D' HIST - 'C' GEO - 'C' KISW - 'C' ENGL - 'D' CHEM - 'D' BIO - 'B' B/MATH - 'D',S0117,KASITA SEMINARY,MOROGORO
2,S0117/0003,M,21,II,CIV - 'C' HIST - 'C' GEO - 'C' B/KNOWL - 'C' KISW - 'C' ENGL - 'C' CHEM - 'D' BIO - 'C' B/MATH - 'C',S0117,KASITA SEMINARY,MOROGORO
3,S0117/0004,M,17,I,CIV - 'C' HIST - 'A' GEO - 'C' KISW - 'C' ENGL - 'C' PHY - 'C' CHEM - 'C' BIO - 'A' COMP STUD - 'C' B/MATH - 'C',S0117,KASITA SEMINARY,MOROGORO
4,S0117/0005,M,19,II,CIV - 'C' HIST - 'C' GEO - 'C' KISW - 'C' ENGL - 'C' PHY - 'C' CHEM - 'C' BIO - 'A' COMP STUD - 'C' B/MATH - 'C',S0117,KASITA SEMINARY,MOROGORO
5,S0117/0006,M,21,II,CIV - 'C' HIST - 'C' GEO - 'C' B/KNOWL - 'D' KISW - 'C' ENGL - 'C' CHEM - 'C' BIO - 'C' B/MATH - 'F',S0117,KASITA SEMINARY,MOROGORO
6,S0117/0007,M,18,II,CIV - 'C' HIST - 'C' GEO - 'C' KISW - 'C' ENGL - 'C' PHY - 'D' CHEM - 'B' BIO - 'A' COMP STUD - 'C' B/MATH - 'C',S0117,KASITA SEMINARY,MOROGORO
7,S0117/0008,M,18,II,CIV - 'C' HIST - 'C' GEO - 'C' KISW - 'B' ENGL - 'B' PHY - 'D' CHEM - 'C' BIO - 'B' COMP STUD - 'D' B/MATH - 'C',S0117,KASITA SEMINARY,MOROGORO
8,S0117/0009,M,19,II,CIV - 'C' HIST - 'C' GEO - 'C' B/KNOWL - 'C' KISW - 'B' ENGL - 'C' CHEM - 'D' BIO - 'B' COMP STUD - 'F' B/MATH - 'F',S0117,KASITA SEMINARY,MOROGORO
9,S0117/0010,M,20,II,CIV - 'D' HIST - 'C' GEO - 'C' B/KNOWL - 'C' KISW - 'C' ENGL - 'C' CHEM - 'C' BIO - 'B' B/MATH - 'D',S0117,KASITA SEMINARY,MOROGORO
10,S0117/0011,M,26,IV,CIV - 'D' HIST - 'C' GEO - 'D' B/KNOWL - 'F' KISW - 'C' ENGL - 'D' BIO - 'C' B/MATH - 'F',S0117,KASITA SEMINARY,MOROGORO
11,S0117/0012,M,17,I,CIV - 'C' HIST - 'B' GEO - 'C' KISW - 'B' ENGL - 'C' PHY - 'C' CHEM - 'C' BIO - 'A' COMP STUD - 'C' B/MATH - 'D',S0117,KASITA SEMINARY,MOROGORO
12,S0117/0013,M,16,I,CIV - 'C' HIST - 'B' GEO - 'C' B/KNOWL - 'C' KISW - 'B' ENGL - 'B' PHY - 'C' CHEM - 'C' BIO - 'A' B/MATH - 'C',S0117,KASITA SEMINARY,MOROGORO
13,S0117/0014,M,10,I,CIV - 'C' HIST - 'B' GEO - 'B' KISW - 'A' ENGL - 'B' PHY - 'B' CHEM - 'A' BIO - 'A' COMP STUD - 'B' B/MATH - 'A',S0117,KASITA SEMINARY,MOROGORO
14,S0117/0015,M,19,II,CIV - 'C' HIST - 'C' GEO - 'C' B/KNOWL - 'B' KISW - 'C' ENGL - 'C' BIO - 'B' COMP STUD - 'C' B/MATH - 'D',S0117,KASITA SEMINARY,MOROGORO
15,S0117/0016,M,22,III,CIV - 'C' HIST - 'C' GEO - 'D' B/KNOWL - 'D' KISW - 'C' ENGL - 'C' CHEM - 'C' BIO - 'C' B/MATH - 'F',S0117,KASITA SEMINARY,MOROGORO
16,S0117/0017,M,22,III,CIV - 'D' HIST - 'C' GEO - 'C' B/KNOWL - 'D' KISW - 'C' ENGL - 'C' BIO - 'B' B/MATH - 'F',S0117,KASITA SEMINARY,MOROGORO
17,S0117/0018,M,20,II,CIV - 'C' HIST - 'C' GEO - 'C' B/KNOWL - 'C' KISW - 'C' ENGL - 'C' CHEM - 'C' BIO - 'B' B/MATH - 'D',S0117,KASITA SEMINARY,MOROGORO
18,S0117/0019,M,19,II,CIV - 'C' HIST - 'B' GEO - 'C' B/KNOWL - 'C' KISW - 'C' ENGL - 'C' BIO - 'B' B/MATH - 'F',S0117,KASITA SEMINARY,MOROGORO
19,S0117/0020,M,19,II,CIV - 'C' HIST - 'B' GEO - 'C' KISW - 'C' ENGL - 'C' PHY - 'D' CHEM - 'C' BIO - 'B' COMP STUD - 'D' B/MATH - 'D',S0117,KASITA SEMINARY,MOROGORO
20,S0117/0021,M,19,II,CIV - 'C' HIST - 'C' GEO - 'C' B/KNOWL - 'C' KISW - 'B' ENGL - 'C' PHY - 'F' CHEM - 'D' BIO - 'B' B/MATH - 'F',S0117,KASITA SEMINARY,MOROGORO
21,S0117/0022,M,23,III,CIV - 'D' HIST - 'C' GEO - 'D' B/KNOWL - 'C' KISW - 'C' ENGL - 'C' CHEM - 'D' BIO - 'C' B/MATH - 'F',S0117,KASITA SEMINARY,MOROGORO
22,S0117/0023,M,20,II,CIV - 'C' HIST - 'C' GEO - 'C' B/KNOWL - 'C' KISW - 'C' ENGL - 'C' BIO - 'B' COMP STUD - 'C' B/MATH - 'F',S0117,KASITA SEMINARY,MOROGORO
23,S0117/0024,M,19,II,CIV - 'C' HIST - 'C' GEO - 'C' B/KNOWL - 'C' KISW - 'B' ENGL - 'C' CHEM - 'C' BIO - 'B' B/MATH - 'F',S0117,KASITA SEMINARY,MOROGORO
24,S0117/0025,M,17,I,CIV - 'C' HIST - 'B' GEO - 'C' B/KNOWL - 'C' KISW - 'B' ENGL - 'C' BIO - 'B' COMP STUD - 'B' B/MATH - 'C',S0117,KASITA SEMINARY,MOROGORO
25,S0117/0026,M,19,II,CIV - 'C' HIST - 'C' GEO - 'C' B/KNOWL - 'C' KISW - 'B' ENGL - 'C' BIO - 'B' COMP STUD - 'C' B/MATH - 'C',S0117,KASITA SEMINARY,MOROGORO
26,S0117/0027,M,18,II,CIV - 'C' HIST - 'C' GEO - 'C' KISW - 'B' ENGL - 'C' PHY - 'C' CHEM - 'C' BIO - 'B' COMP STUD - 'B' B/MATH - 'C',S0117,KASITA SEMINARY,MOROGORO
27,S0117/0028,M,12,I,CIV - 'C' HIST - 'B' GEO - 'B' KISW - 'B' ENGL - 'C' PHY - 'C' CHEM - 'B' BIO - 'A' COMP STUD - 'B' B/MATH - 'A',S0117,KASITA SEMINARY,MOROGORO
28,S0117/0029,M,19,II,CIV - 'C' HIST - 'C' GEO - 'C' KISW - 'C' ENGL - 'B' PHY - 'D' CHEM - 'C' BIO - 'B' COMP STUD - 'D' B/MATH - 'C',S0117,KASITA SEMINARY,MOROGORO
29,S0117/0030,M,23,III,CIV - 'D' HIST - 'C' GEO - 'C' B/KNOWL - 'D' KISW - 'C' ENGL - 'D' CHEM - 'C' BIO - 'C' B/MATH - 'D',S0117,KASITA SEMINARY,MOROGORO
30,S0117/0031,M,21,II,CIV - 'C' HIST - 'C' GEO - 'C' B/KNOWL - 'C' KISW - 'C' ENGL - 'C' CHEM - 'C' BIO - 'C' B/MATH - 'D',S0117,KASITA SEMINARY,MOROGORO
31,S0117/0032,M,20,II,CIV - 'D' HIST - 'C' GEO - 'C' B/KNOWL - 'C' KISW - 'C' ENGL - 'C' PHY - 'D' CHEM - 'C' BIO - 'B' B/MATH - 'C',S0117,KASITA SEMINARY,MOROGORO
32,S0117/0033,M,17,I,CIV - 'C' HIST - 'B' GEO - 'B' B/KNOWL - 'C' KISW - 'C' ENGL - 'C' PHY - 'D' CHEM - 'C' BIO - 'A' B/MATH - 'C',S0117,KASITA SEMINARY,MOROGORO
33,S0117/0034,M,19,II,CIV - 'C' HIST - 'C' GEO - 'C' B/KNOWL - 'C' KISW - 'C' ENGL - 'D' CHEM - 'C' BIO - 'A' B/MATH - 'F',S0117,KASITA SEMINARY,MOROGORO
34,S0117/0035,M,19,II,CIV - 'C' HIST - 'C' GEO - 'C' B/KNOWL - 'C' KISW - 'B' ENGL - 'C' CHEM - 'D' BIO - 'B' B/MATH - 'F',S0117,KASITA SEMINARY,MOROGORO
35,S0117/0036,M,19,II,CIV - 'C' HIST - 'C' GEO - 'C' B/KNOWL - 'D' KISW - 'B' ENGL - 'C' CHEM - 'C' BIO - 'B' B/MATH - 'D',S0117,KASITA SEMINARY,MOROGORO
36,S0117/0037,M,17,I,CIV - 'C' HIST - 'B' GEO - 'C' B/KNOWL - 'C' KISW - 'C' ENGL - 'C' PHY - 'C' CHEM - 'C' BIO - 'A' B/MATH - 'B',S0117,KASITA SEMINARY,MOROGORO
37,S0117/0038,M,21,II,CIV - 'D' HIST - 'C' GEO - 'C' KISW - 'C' ENGL - 'C' PHY - 'D' CHEM - 'C' BIO - 'C' COMP STUD - 'C' B/MATH - 'D',S0117,KASITA SEMINARY,MOROGORO
38,S0117/0039,M,21,II,CIV - 'D' HIST - 'C' GEO - 'C' B/KNOWL - 'C' KISW - 'C' ENGL - 'C' CHEM - 'C' BIO - 'C' B/MATH - 'F',S0117,KASITA SEMINARY,MOROGORO
39,S0117/0040,M,17,I,CIV - 'C' HIST - 'C' GEO - 'C' KISW - 'B' ENGL - 'C' PHY - 'C' CHEM - 'B' BIO - 'B' COMP STUD - 'C' B/MATH - 'B',S0117,KASITA SEMINARY,MOROGORO
40,S0117/0041,M,20,II,CIV - 'C' HIST - 'C' GEO - 'C' KISW - 'C' ENGL - 'C' PHY - 'D' CHEM - 'C' BIO - 'B' COMP STUD - 'D' B/MATH - 'D',S0117,KASITA SEMINARY,MOROGORO
41,S0117/0042,M,10,I,CIV - 'C' HIST - 'A' GEO - 'B' KISW - 'C' ENGL - 'B' PHY - 'C' CHEM - 'A' BIO - 'A' COMP STUD - 'B' B/MATH - 'A',S0117,KASITA SEMINARY,MOROGORO
42,S0117/0043,M,17,I,CIV - 'C' HIST - 'C' GEO - 'C' KISW - 'B' ENGL - 'B' PHY - 'D' CHEM - 'C' BIO - 'A' COMP STUD - 'C' B/MATH - 'C',S0117,KASITA SEMINARY,MOROGORO
43,S0117/0044,M,20,II,CIV - 'C' HIST - 'C' GEO - 'C' B/KNOWL - 'C' KISW - 'C' ENGL - 'C' CHEM - 'C' BIO - 'B' B/MATH - 'D',S0117,KASITA SEMINARY,MOROGORO
44,S0117/0045,M,19,II,CIV - 'C' HIST - 'C' GEO - 'C' B/KNOWL - 'C' KISW - 'C' ENGL - 'D' PHY - 'D' CHEM - 'C' BIO - 'B' B/MATH - 'B',S0117,KASITA SEMINARY,MOROGORO
45,S0117/0046,M,20,II,CIV - 'C' HIST - 'C' GEO - 'C' B/KNOWL - 'C' KISW - 'C' ENGL - 'C' CHEM - 'D' BIO - 'B' COMP STUD - 'D' B/MATH - 'F',S0117,KASITA SEMINARY,MOROGORO
46,S0117/0047,M,18,II,CIV - 'C' HIST - 'C' GEO - 'C' KISW - 'B' ENGL - 'B' PHY - 'C' CHEM - 'C' BIO - 'B' COMP STUD - 'D' B/MATH - 'C',S0117,KASITA SEMINARY,MOROGORO
47,S0117/0048,M,22,III,CIV - 'D' HIST - 'C' GEO - 'C' B/KNOWL - 'F' KISW - 'C' ENGL - 'C' CHEM - 'C' BIO - 'C' B/MATH - 'D',S0117,KASITA SEMINARY,MOROGORO
48,S0117/0049,M,21,II,CIV - 'C' HIST - 'C' GEO - 'C' B/KNOWL - 'F' KISW - 'C' ENGL - 'C' CHEM - 'C' BIO - 'C' COMP STUD - 'C' B/MATH - 'D',S0117,KASITA SEMINARY,MOROGORO
0,S0118/0001,M,8,I,CIV - 'C' HIST - 'A' GEO - 'B' B/KNOWL - 'A' KISW - 'A' ENGL - 'A' PHY - 'C' CHEM - 'B' BIO - 'A' B/MATH - 'A',S0118,KATOKE SEMINARY,KAGERA
1,S0118/0002,M,14,I,CIV - 'C' HIST - 'C' GEO - 'B' B/KNOWL - 'B' KISW - 'B' ENGL - 'A' PHY - 'D' CHEM - 'B' BIO - 'B' B/MATH - 'C',S0118,KATOKE SEMINARY,KAGERA
2,S0118/0003,M,10,I,CIV - 'B' HIST - 'B' GEO - 'C' B/KNOWL - 'A' KISW - 'C' ENGL - 'A' PHY - 'C' CHEM - 'B' BIO - 'A' B/MATH - 'A',S0118,KATOKE SEMINARY,KAGERA
3,S0118/0004,M,15,I,CIV - 'C' HIST - 'A' GEO - 'C' B/KNOWL - 'B' KISW - 'C' ENGL - 'A' PHY - 'D' CHEM - 'C' BIO - 'B' B/MATH - 'D',S0118,KATOKE SEMINARY,KAGERA
4,S0118/0005,M,15,I,CIV - 'C' HIST - 'C' GEO - 'C' B/KNOWL - 'B' KISW - 'B' ENGL - 'B' PHY - 'C' CHEM - 'B' BIO - 'A' B/MATH - 'C',S0118,KATOKE SEMINARY,KAGERA
5,S0118/0006,M,13,I,CIV - 'C' HIST - 'B' GEO - 'B' B/KNOWL - 'B' KISW - 'B' ENGL - 'A' PHY - 'C' CHEM - 'B' BIO - 'B' B/MATH - 'C',S0118,KATOKE SEMINARY,KAGERA
6,S0118/0007,M,11,I,CIV - 'C' HIST - 'B' GEO - 'B' B/KNOWL - 'A' KISW - 'B' ENGL - 'B' PHY - 'C' CHEM - 'A' BIO - 'B' B/MATH - 'A',S0118,KATOKE SEMINARY,KAGERA
7,S0118/0008,M,17,I,CIV - 'C' HIST - 'C' GEO - 'C' B/KNOWL - 'C' KISW - 'B' ENGL - 'B' PHY - 'C' CHEM - 'B' BIO - 'B' B/MATH - 'C',S0118,KATOKE SEMINARY,KAGERA
8,S0118/0009,M,15,I,CIV - 'C' HIST - 'B' GEO - 'B' B/KNOWL - 'B' KISW - 'C' ENGL - 'B' PHY - 'C' CHEM - 'C' BIO - 'B' B/MATH - 'B',S0118,KATOKE SEMINARY,KAGERA
9,S0118/0010,M,8,I,CIV - 'C' HIST - 'B' GEO - 'A' B/KNOWL - 'A' KISW - 'A' ENGL - 'A' PHY - 'B' CHEM - 'B' BIO - 'A' B/MATH - 'A',S0118,KATOKE SEMINARY,KAGERA
10,S0118/0011,M,16,I,CIV - 'C' HIST - 'B' GEO - 'B' B/KNOWL - 'B' KISW - 'C' ENGL - 'B' PHY - 'C' CHEM - 'B' BIO - 'C' B/MATH - 'C',S0118,KATOKE SEMINARY,KAGERA
11,S0118/0012,M,7,I,CIV - 'B' HIST - 'A' GEO - 'A' B/KNOWL - 'A' KISW - 'A' ENGL - 'A' PHY - 'B' CHEM - 'A' BIO - 'A' B/MATH - 'A',S0118,KATOKE SEMINARY,KAGERA
12,S0118/0013,M,19,II,CIV - 'C' HIST - 'C' GEO - 'C' B/KNOWL - 'B' KISW - 'C' ENGL - 'B' PHY - 'C' CHEM - 'C' BIO - 'C' B/MATH - 'D',S0118,KATOKE SEMINARY,KAGERA
13,S0118/0014,M,11,I,CIV - 'C' HIST - 'B' GEO - 'B' B/KNOWL - 'A' KISW - 'B' ENGL - 'A' PHY - 'C' CHEM - 'B' BIO - 'A' B/MATH - 'B',S0118,KATOKE SEMINARY,KAGERA
14,S0118/0015,M,8,I,CIV - 'C' HIST - 'A' GEO - 'B' B/KNOWL - 'A' KISW - 'B' ENGL - 'A' PHY - 'C' CHEM - 'A' BIO - 'A' B/MATH - 'A',S0118,KATOKE SEMINARY,KAGERA
15,S0118/0016,M,9,I,CIV - 'C' HIST - 'B' GEO - 'B' B/KNOWL - 'A' KISW - 'A' ENGL - 'A' PHY - 'C' CHEM - 'A' BIO - 'A' B/MATH - 'B',S0118,KATOKE SEMINARY,KAGERA
16,S0118/0017,M,10,I,CIV - 'C' HIST - 'B' GEO - 'B' B/KNOWL - 'B' KISW - 'B' ENGL - 'A' PHY - 'C' CHEM - 'A' BIO - 'A' B/MATH - 'A',S0118,KATOKE SEMINARY,KAGERA
17,S0118/0018,M,11,I,CIV - 'C' HIST - 'A' GEO - 'C' B/KNOWL - 'A' KISW - 'C' ENGL - 'A' PHY - 'C' CHEM - 'B' BIO - 'A' B/MATH - 'B',S0118,KATOKE SEMINARY,KAGERA
18,S0118/0019,M,8,I,CIV - 'B' HIST - 'A' GEO - 'B' B/KNOWL - 'B' KISW - 'A' ENGL - 'A' PHY - 'B' CHEM - 'A' BIO - 'A' B/MATH - 'A',S0118,KATOKE SEMINARY,KAGERA
19,S0118/0020,M,16,I,CIV - 'C' HIST - 'C' GEO - 'C' B/KNOWL - 'C' KISW - 'A' ENGL - 'A' PHY - 'C' CHEM - 'C' BIO - 'C' B/MATH - 'B',S0118,KATOKE SEMINARY,KAGERA
20,S0118/0021,M,7,I,CIV - 'B' HIST - 'A' GEO - 'A' B/KNOWL - 'A' KISW - 'B' ENGL - 'A' PHY - 'B' CHEM - 'A' BIO - 'A' B/MATH - 'A',S0118,KATOKE SEMINARY,KAGERA
21,S0118/0022,M,9,I,CIV - 'C' HIST - 'C' GEO - 'B' B/KNOWL - 'B' KISW - 'A' ENGL - 'A' PHY - 'C' CHEM - 'A' BIO - 'A' B/MATH - 'A',S0118,KATOKE SEMINARY,KAGERA
22,S0118/0023,M,14,I,CIV - 'C' HIST - 'B' GEO - 'B' B/KNOWL - 'B' KISW - 'B' ENGL - 'B' PHY - 'C' CHEM - 'C' BIO - 'A' B/MATH - 'D',S0118,KATOKE SEMINARY,KAGERA
23,S0118/0024,M,15,I,CIV - 'C' HIST - 'C' GEO - 'B' B/KNOWL - 'B' KISW - 'B' ENGL - 'A' PHY - 'D' CHEM - 'C' BIO - 'B' B/MATH - 'C',S0118,KATOKE SEMINARY,KAGERA
24,S0118/0025,M,10,I,CIV - 'B' HIST - 'A' GEO - 'B' B/KNOWL - 'B' KISW - 'A' ENGL - 'A' PHY - 'C' CHEM - 'B' BIO - 'A' B/MATH - 'B',S0118,KATOKE SEMINARY,KAGERA
25,S0118/0026,M,15,I,CIV - 'C' HIST - 'C' GEO - 'C' B/KNOWL - 'B' KISW - 'B' ENGL - 'B' PHY - 'C' CHEM - 'B' BIO - 'B' B/MATH - 'B',S0118,KATOKE SEMINARY,KAGERA
26,S0118/0027,M,17,I,CIV - 'C' HIST - 'C' GEO - 'C' B/KNOWL - 'B' KISW - 'B' ENGL - 'C' PHY - 'D' CHEM - 'B' BIO - 'B' B/MATH - 'C',S0118,KATOKE SEMINARY,KAGERA
27,S0118/0028,M,14,I,CIV - 'C' HIST - 'B' GEO - 'C' B/KNOWL - 'C' KISW - 'A' ENGL - 'A' PHY - 'C' CHEM - 'C' BIO - 'B' B/MATH - 'B',S0118,KATOKE SEMINARY,KAGERA
28,S0118/0029,M,11,I,CIV - 'C' HIST - 'B' GEO - 'B' B/KNOWL - 'B' KISW - 'A' ENGL - 'A' PHY - 'C' CHEM - 'B' BIO - 'A' B/MATH - 'B',S0118,KATOKE SEMINARY,KAGERA
29,S0118/0030,M,12,I,CIV - 'C' HIST - 'B' GEO - 'B' B/KNOWL - 'C' KISW - 'A' ENGL - 'A' PHY - 'C' CHEM - 'B' BIO - 'B' B/MATH - 'B',S0118,KATOKE SEMINARY,KAGERA
30,S0118/0031,M,11,I,CIV - 'C' HIST - 'A' GEO - 'B' B/KNOWL - 'A' KISW - 'B' ENGL - 'A' PHY - 'C' CHEM - 'B' BIO - 'B' B/MATH - 'C',S0118,KATOKE SEMINARY,KAGERA
31,S0118/0032,M,18,II,CIV - 'C' HIST - 'C' GEO - 'C' B/KNOWL - 'C' KISW - 'A' ENGL - 'C' PHY - 'C' CHEM - 'C' BIO - 'C' B/MATH - 'B',S0118,KATOKE SEMINARY,KAGERA
32,S0118/0033,M,14,I,CIV - 'C' HIST - 'C' GEO - 'B' B/KNOWL - 'B' KISW - 'A' ENGL - 'C' PHY - 'C' CHEM - 'B' BIO - 'A' B/MATH - 'C',S0118,KATOKE SEMINARY,KAGERA
33,S0118/0034,M,12,I,CIV - 'C' HIST - 'A' GEO - 'C' B/KNOWL - 'B' KISW - 'B' ENGL - 'A' PHY - 'C' CHEM - 'B' BIO - 'B' B/MATH - 'B',S0118,KATOKE SEMINARY,KAGERA
34,S0118/0035,M,16,I,CIV - 'C' HIST - 'C' GEO - 'C' B/KNOWL - 'C' KISW - 'B' ENGL - 'A' PHY - 'C' CHEM - 'B' BIO - 'B' B/MATH - 'C',S0118,KATOKE SEMINARY,KAGERA
35,S0118/0036,M,11,I,CIV - 'C' HIST - 'B' GEO - 'C' B/KNOWL - 'A' KISW - 'B' ENGL - 'A' PHY - 'C' CHEM - 'B' BIO - 'B' B/MATH - 'A',S0118,KATOKE SEMINARY,KAGERA
36,S0118/0037,M,14,I,CIV - 'C' HIST - 'B' GEO - 'C' B/KNOWL - 'B' KISW - 'B' ENGL - 'A' PHY - 'D' CHEM - 'C' BIO - 'A' B/MATH - 'C',S0118,KATOKE SEMINARY,KAGERA
37,S0118/0038,M,8,I,CIV - 'B' HIST - 'B' GEO - 'B' B/KNOWL - 'A' KISW - 'A' ENGL - 'A' PHY - 'C' CHEM - 'A' BIO - 'A' B/MATH - 'A',S0118,KATOKE SEMINARY,KAGERA
38,S0118/0039,M,8,I,CIV - 'C' HIST - 'A' GEO - 'B' B/KNOWL - 'A' KISW - 'B' ENGL - 'A' PHY - 'C' CHEM - 'A' BIO - 'A' B/MATH - 'A',S0118,KATOKE SEMINARY,KAGERA
39,S0118/0040,M,11,I,CIV - 'C' HIST - 'B' GEO - 'B' B/KNOWL - 'A' KISW - 'B' ENGL - 'A' PHY - 'C' CHEM - 'B' BIO - 'A' B/MATH - 'B',S0118,KATOKE SEMINARY,KAGERA
40,S0118/0041,M,15,I,CIV - 'C' HIST - 'B' GEO - 'C' B/KNOWL - 'A' KISW - 'B' ENGL - 'B' PHY - 'D' CHEM - 'C' BIO - 'B' B/MATH - 'D',S0118,KATOKE SEMINARY,KAGERA
41,S0118/0042,M,17,I,CIV - 'C' HIST - 'C' GEO - 'C' B/KNOWL - 'B' KISW - 'B' ENGL - 'B' PHY - 'C' CHEM - 'C' BIO - 'B' B/MATH - 'C',S0118,KATOKE SEMINARY,KAGERA
42,S0118/0043,M,12,I,CIV - 'B' HIST - 'C' GEO - 'B' B/KNOWL - 'C' KISW - 'B' ENGL - 'A' PHY - 'C' CHEM - 'B' BIO - 'B' B/MATH - 'A',S0118,KATOKE SEMINARY,KAGERA
43,S0118/0044,M,13,I,CIV - 'C' HIST - 'B' GEO - 'C' B/KNOWL - 'A' KISW - 'A' ENGL - 'A' PHY - 'C' CHEM - 'C' BIO - 'B' B/MATH - 'C',S0118,KATOKE SEMINARY,KAGERA
44,S0118/0045,M,19,II,CIV - 'C' HIST - 'C' GEO - 'C' B/KNOWL - 'C' KISW - 'B' ENGL - 'C' PHY - 'C' CHEM - 'B' BIO - 'C' B/MATH - 'D',S0118,KATOKE SEMINARY,KAGERA
45,S0118/0046,M,7,I,CIV - 'C' HIST - 'A' GEO - 'A' B/KNOWL - 'A' KISW - 'A' ENGL - 'A' PHY - 'A' CHEM - 'A' BIO - 'A' B/MATH - 'A',S0118,KATOKE SEMINARY,KAGERA
46,S0118/0047,M,13,I,CIV - 'C' HIST - 'C' GEO - 'B' B/KNOWL - 'C' KISW - 'A' ENGL - 'B' PHY - 'C' CHEM - 'B' BIO - 'B' B/MATH - 'A',S0118,KATOKE SEMINARY,KAGERA
0,S0119/0001,M,7,I,CIV - 'C' HIST - 'A' GEO - 'C' KISW - 'A' ENGL - 'A' PHY - 'A' CHEM - 'B' BIO - 'A' AGRI - 'A' B/MATH - 'A',S0119,KIBAHA,PWANI
1,S0119/0002,M,11,I,CIV - 'B' HIST - 'B' GEO - 'C' KISW - 'B' ENGL - 'A' PHY - 'B' CHEM - 'B' BIO - 'A' B/MATH - 'A',S0119,KIBAHA,PWANI
2,S0119/0003,M,9,I,CIV - 'B' HIST - 'A' GEO - 'B' KISW - 'A' ENGL - 'A' PHY - 'B' CHEM - 'A' BIO - 'A' AGRI - 'C' B/MATH - 'B',S0119,KIBAHA,PWANI
3,S0119/0004,M,8,I,CIV - 'B' HIST - 'B' GEO - 'A' KISW - 'A' ENGL - 'A' PHY - 'B' CHEM - 'A' BIO - 'A' B/MATH - 'A',S0119,KIBAHA,PWANI
4,S0119/0006,M,12,I,CIV - 'B' HIST - 'B' GEO - 'C' KISW - 'B' ENGL - 'A' CHEM - 'B' BIO - 'A' AGRI - 'B' B/MATH - 'B',S0119,KIBAHA,PWANI
5,S0119/0007,M,15,I,CIV - 'C' HIST - 'C' GEO - 'C' KISW - 'B' ENGL - 'B' PHY - 'C' CHEM - 'B' BIO - 'A' B/MATH - 'B',S0119,KIBAHA,PWANI
6,S0119/0008,M,7,I,CIV - 'C' HIST - 'A' GEO - 'B' KISW - 'A' ENGL - 'A' PHY - 'A' CHEM - 'A' BIO - 'A' AGRI - 'A' B/MATH - 'A',S0119,KIBAHA,PWANI
7,S0119/0009,M,16,I,CIV - 'C' HIST - 'B' GEO - 'C' KISW - 'C' ENGL - 'A' CHEM - 'C' BIO - 'A' B/MATH - 'C',S0119,KIBAHA,PWANI
8,S0119/0010,M,7,I,CIV - 'B' HIST - 'A' GEO - 'B' KISW - 'A' ENGL - 'A' PHY - 'A' CHEM - 'A' BIO - 'A' AGRI - 'A' B/MATH - 'A',S0119,KIBAHA,PWANI
9,S0119/0011,M,7,I,CIV - 'B' HIST - 'A' GEO - 'A' KISW - 'A' ENGL - 'A' PHY - 'B' CHEM - 'A' BIO - 'A' AGRI - 'B' B/MATH - 'A',S0119,KIBAHA,PWANI
10,S0119/0012,M,14,I,CIV - 'C' HIST - 'B' GEO - 'C' KISW - 'B' ENGL - 'A' CHEM - 'B' BIO - 'A' B/MATH - 'D',S0119,KIBAHA,PWANI
11,S0119/0013,M,7,I,CIV - 'B' HIST - 'A' GEO - 'B' KISW - 'A' ENGL - 'A' PHY - 'A' CHEM - 'A' BIO - 'A' B/MATH - 'A',S0119,KIBAHA,PWANI
12,S0119/0014,M,10,I,CIV - 'C' HIST - 'B' GEO - 'B' KISW - 'B' ENGL - 'A' CHEM - 'A' BIO - 'A' AGRI - 'B' B/MATH - 'A',S0119,KIBAHA,PWANI
13,S0119/0015,M,7,I,CIV - 'B' HIST - 'A' GEO - 'A' KISW - 'A' ENGL - 'A' PHY - 'A' CHEM - 'A' BIO - 'A' B/MATH - 'A',S0119,KIBAHA,PWANI
14,S0119/0016,M,10,I,CIV - 'B' HIST - 'B' GEO - 'B' KISW - 'A' ENGL - 'A' BIO - 'A' B/MATH - 'B' COMM - 'B' B/KEEPING - 'A',S0119,KIBAHA,PWANI
15,S0119/0017,M,13,I,CIV - 'C' HIST - 'B' GEO - 'B' KISW - 'C' ENGL - 'A' PHY - 'C' CHEM - 'A' BIO - 'A' B/MATH - 'C',S0119,KIBAHA,PWANI
16,S0119/0018,M,11,I,CIV - 'C' HIST - 'B' GEO - 'B' KISW - 'B' ENGL - 'A' PHY - 'B' CHEM - 'B' BIO - 'A' B/MATH - 'A',S0119,KIBAHA,PWANI
17,S0119/0019,M,11,I,CIV - 'C' HIST - 'A' GEO - 'B' KISW - 'A' ENGL - 'A' PHY - 'C' CHEM - 'B' BIO - 'A' B/MATH - 'C',S0119,KIBAHA,PWANI
18,S0119/0020,M,7,I,CIV - 'A' HIST - 'A' GEO - 'A' KISW - 'B' ENGL - 'A' PHY - 'A' CHEM - 'A' BIO - 'A' B/MATH - 'B',S0119,KIBAHA,PWANI
19,S0119/0021,M,7,I,CIV - 'B' HIST - 'A' GEO - 'B' KISW - 'A' ENGL - 'A' PHY - 'A' CHEM - 'A' BIO - 'A' AGRI - 'B' B/MATH - 'A',S0119,KIBAHA,PWANI
20,S0119/0022,M,8,I,CIV - 'B' HIST - 'A' GEO - 'C' KISW - 'A' ENGL - 'A' PHY - 'B' CHEM - 'A' BIO - 'A' B/MATH - 'A',S0119,KIBAHA,PWANI
21,S0119/0023,M,7,I,CIV - 'B' HIST - 'A' GEO - 'A' KISW - 'A' ENGL - 'A' PHY - 'B' CHEM - 'A' BIO - 'A' B/MATH - 'A',S0119,KIBAHA,PWANI
22,S0119/0024,M,12,I,CIV - 'B' HIST - 'B' GEO - 'C' KISW - 'C' ENGL - 'A' PHY - 'C' CHEM - 'B' BIO - 'A' AGRI - 'B' B/MATH - 'B',S0119,KIBAHA,PWANI
23,S0119/0025,M,11,I,CIV - 'C' HIST - 'A' GEO - 'B' KISW - 'B' ENGL - 'B' CHEM - 'A' BIO - 'A' AGRI - 'B' B/MATH - 'B',S0119,KIBAHA,PWANI
24,S0119/0026,M,12,I,CIV - 'C' HIST - 'B' GEO - 'B' KISW - 'A' ENGL - 'A' BIO - 'A' B/MATH - 'C' COMM - 'B' B/KEEPING - 'C',S0119,KIBAHA,PWANI
25,S0119/0027,M,7,I,CIV - 'B' HIST - 'A' GEO - 'B' KISW - 'B' ENGL - 'A' PHY - 'A' CHEM - 'A' BIO - 'A' AGRI - 'A' B/MATH - 'A',S0119,KIBAHA,PWANI
26,S0119/0028,M,7,I,CIV - 'B' HIST - 'B' GEO - 'A' KISW - 'A' ENGL - 'A' PHY - 'A' CHEM - 'A' BIO - 'A' AGRI - 'B' B/MATH - 'A',S0119,KIBAHA,PWANI
27,S0119/0029,M,15,I,CIV - 'C' HIST - 'B' GEO - 'B' KISW - 'B' ENGL - 'B' CHEM - 'C' BIO - 'A' B/MATH - 'D',S0119,KIBAHA,PWANI
28,S0119/0030,M,7,I,CIV - 'B' HIST - 'A' GEO - 'A' KISW - 'A' ENGL - 'A' PHY - 'A' CHEM - 'A' BIO - 'A' AGRI - 'A' B/MATH - 'A',S0119,KIBAHA,PWANI
29,S0119/0031,M,8,I,CIV - 'B' HIST - 'A' GEO - 'B' KISW - 'B' ENGL - 'A' PHY - 'A' CHEM - 'A' BIO - 'A' B/MATH - 'A',S0119,KIBAHA,PWANI
30,S0119/0032,M,9,I,CIV - 'B' HIST - 'A' GEO - 'A' KISW - 'B' ENGL - 'A' PHY - 'B' CHEM - 'A' BIO - 'A' AGRI - 'B' B/MATH - 'B',S0119,KIBAHA,PWANI
31,S0119/0033,M,7,I,CIV - 'B' GEO - 'A' KISW - 'B' ENGL - 'A' PHY - 'A' CHEM - 'A' BIO - 'A' B/MATH - 'A' COMM - 'B' B/KEEPING - 'A',S0119,KIBAHA,PWANI
32,S0119/0034,M,8,I,CIV - 'B' HIST - 'A' GEO - 'B' KISW - 'A' ENGL - 'A' PHY - 'B' CHEM - 'A' BIO - 'A' B/MATH - 'A',S0119,KIBAHA,PWANI
33,S0119/0036,M,8,I,CIV - 'B' HIST - 'A' GEO - 'B' KISW - 'B' ENGL - 'A' PHY - 'A' CHEM - 'A' BIO - 'A' AGRI - 'B' B/MATH - 'A',S0119,KIBAHA,PWANI
34,S0119/0037,M,7,I,CIV - 'B' HIST - 'A' GEO - 'A' KISW - 'A' ENGL - 'A' PHY - 'B' CHEM - 'A' BIO - 'A' AGRI - 'B' B/MATH - 'A',S0119,KIBAHA,PWANI
35,S0119/0038,M,9,I,CIV - 'B' HIST - 'A' GEO - 'C' KISW - 'A' ENGL - 'A' PHY - 'B' CHEM - 'A' BIO - 'A' B/MATH - 'B',S0119,KIBAHA,PWANI
36,S0119/0039,M,10,I,CIV - 'B' GEO - 'B' KISW - 'A' ENGL - 'B' PHY - 'B' CHEM - 'A' BIO - 'A' B/MATH - 'A' COMM - 'C' B/KEEPING - 'B',S0119,KIBAHA,PWANI
37,S0119/0040,M,7,I,CIV - 'B' HIST - 'A' GEO - 'A' KISW - 'A' ENGL - 'A' PHY - 'B' CHEM - 'A' BIO - 'A' B/MATH - 'A',S0119,KIBAHA,PWANI
38,S0119/0041,M,9,I,CIV - 'B' HIST - 'A' GEO - 'B' KISW - 'B' ENGL - 'A' PHY - 'B' CHEM - 'A' BIO - 'A' B/MATH - 'A',S0119,KIBAHA,PWANI
39,S0119/0042,M,7,I,CIV - 'B' HIST - 'A' GEO - 'B' KISW - 'A' ENGL - 'A' PHY - 'A' CHEM - 'A' BIO - 'A' AGRI - 'B' B/MATH - 'A',S0119,KIBAHA,PWANI
40,S0119/0043,M,9,I,CIV - 'C' HIST - 'A' GEO - 'A' KISW - 'B' ENGL - 'A' PHY - 'B' CHEM - 'A' BIO - 'A' B/MATH - 'B',S0119,KIBAHA,PWANI
41,S0119/0044,M,7,I,CIV - 'B' HIST - 'A' GEO - 'B' KISW - 'A' ENGL - 'A' PHY - 'A' CHEM - 'A' BIO - 'A' B/MATH - 'A',S0119,KIBAHA,PWANI
42,S0119/0045,M,10,I,CIV - 'C' HIST - 'A' GEO - 'A' KISW - 'C' ENGL - 'A' CHEM - 'B' BIO - 'A' AGRI - 'A' B/MATH - 'C',S0119,KIBAHA,PWANI
43,S0119/0046,M,7,I,CIV - 'B' HIST - 'A' GEO - 'A' KISW - 'A' ENGL - 'A' PHY - 'A' CHEM - 'A' BIO - 'A' B/MATH - 'A',S0119,KIBAHA,PWANI
44,S0119/0047,M,10,I,CIV - 'C' HIST - 'B' GEO - 'B' KISW - 'A' ENGL - 'A' PHY - 'B' CHEM - 'A' BIO - 'A' B/MATH - 'B',S0119,KIBAHA,PWANI
45,S0119/0048,M,10,I,CIV - 'C' HIST - 'B' GEO - 'B' KISW - 'B' ENGL - 'C' PHY - 'A' CHEM - 'A' BIO - 'A' B/MATH - 'A',S0119,KIBAHA,PWANI
46,S0119/0049,M,9,I,CIV - 'C' HIST - 'B' GEO - 'B' KISW - 'A' ENGL - 'A' PHY - 'A' CHEM - 'B' BIO - 'A' AGRI - 'B' B/MATH - 'A',S0119,KIBAHA,PWANI
47,S0119/0050,M,7,I,CIV - 'B' HIST - 'A' GEO - 'A' KISW - 'A' ENGL - 'A' PHY - 'A' CHEM - 'A' BIO - 'A' B/MATH - 'A',S0119,KIBAHA,PWANI
48,S0119/0051,M,10,I,CIV - 'C' HIST - 'A' GEO - 'B' KISW - 'A' ENGL - 'A' PHY - 'B' CHEM - 'B' BIO - 'A' B/MATH - 'B',S0119,KIBAHA,PWANI
49,S0119/0052,M,7,I,CIV - 'C' HIST - 'A' GEO - 'B' KISW - 'A' ENGL - 'A' PHY - 'A' CHEM - 'A' BIO - 'A' B/MATH - 'A',S0119,KIBAHA,PWANI
50,S0119/0053,M,14,I,CIV - 'C' HIST - 'B' GEO - 'B' KISW - 'B' ENGL - 'A' BIO - 'A' B/MATH - 'C',S0119,KIBAHA,PWANI
51,S0119/0054,M,7,I,CIV - 'B' HIST - 'A' GEO - 'A' KISW - 'A' ENGL - 'A' PHY - 'B' CHEM - 'A' BIO - 'A' AGRI - 'A' B/MATH - 'A',S0119,KIBAHA,PWANI
52,S0119/0055,M,15,I,CIV - 'B' HIST - 'B' GEO - 'C' KISW - 'C' ENGL - 'B' CHEM - 'B' BIO - 'A' B/MATH - 'C',S0119,KIBAHA,PWANI
53,S0119/0057,M,9,I,CIV - 'B' GEO - 'B' KISW - 'A' ENGL - 'A' PHY - 'C' CHEM - 'A' BIO - 'A' B/MATH - 'A' COMM - 'B' B/KEEPING - 'B',S0119,KIBAHA,PWANI
54,S0119/0059,M,13,I,CIV - 'C' HIST - 'B' GEO - 'C' KISW - 'B' ENGL - 'A' PHY - 'B' CHEM - 'B' BIO - 'A' B/MATH - 'C',S0119,KIBAHA,PWANI
55,S0119/0060,M,7,I,CIV - 'B' HIST - 'A' GEO - 'A' KISW - 'A' ENGL - 'A' PHY - 'A' CHEM - 'A' BIO - 'A' B/MATH - 'A',S0119,KIBAHA,PWANI
56,S0119/0061,M,7,I,CIV - 'B' HIST - 'A' GEO - 'A' KISW - 'A' ENGL - 'A' PHY - 'A' CHEM - 'A' BIO - 'A' B/MATH - 'A',S0119,KIBAHA,PWANI
57,S0119/0062,M,8,I,CIV - 'B' HIST - 'A' GEO - 'B' KISW - 'A' ENGL - 'A' PHY - 'B' CHEM - 'A' BIO - 'A' B/MATH - 'A',S0119,KIBAHA,PWANI
58,S0119/0063,M,7,I,CIV - 'B' HIST - 'A' GEO - 'A' KISW - 'A' ENGL - 'A' PHY - 'A' CHEM - 'A' BIO - 'A' B/MATH - 'A',S0119,KIBAHA,PWANI
59,S0119/0064,M,16,I,CIV - 'C' HIST - 'C' GEO - 'C' KISW - 'B' ENGL - 'B' PHY - 'C' CHEM - 'B' BIO - 'A' B/MATH - 'C',S0119,KIBAHA,PWANI
60,S0119/0065,M,7,I,CIV - 'B' HIST - 'A' GEO - 'A' KISW - 'B' ENGL - 'A' PHY - 'A' CHEM - 'A' BIO - 'A' AGRI - 'A' B/MATH - 'A',S0119,KIBAHA,PWANI
61,S0119/0066,M,8,I,CIV - 'B' HIST - 'A' GEO - 'A' KISW - 'B' ENGL - 'A' PHY - 'B' CHEM - 'A' BIO - 'A' AGRI - 'A' B/MATH - 'B',S0119,KIBAHA,PWANI
62,S0119/0067,M,16,I,CIV - 'C' HIST - 'B' GEO - 'B' KISW - 'C' ENGL - 'B' CHEM - 'C' BIO - 'B' B/MATH - 'B',S0119,KIBAHA,PWANI
63,S0119/0068,M,12,I,CIV - 'B' HIST - 'A' GEO - 'B' KISW - 'B' ENGL - 'A' CHEM - 'C' BIO - 'A' B/MATH - 'C',S0119,KIBAHA,PWANI
64,S0119/0069,M,13,I,CIV - 'C' HIST - 'A' GEO - 'C' KISW - 'B' ENGL - 'A' BIO - 'A' B/MATH - 'B',S0119,KIBAHA,PWANI
65,S0119/0070,M,8,I,CIV - 'B' HIST - 'A' GEO - 'A' KISW - 'A' ENGL - 'B' PHY - 'B' CHEM - 'A' BIO - 'A' B/MATH - 'A',S0119,KIBAHA,PWANI
66,S0119/0071,M,14,I,CIV - 'C' HIST - 'B' GEO - 'C' KISW - 'A' ENGL - 'A' PHY - 'C' CHEM - 'C' BIO - 'A' B/MATH - 'C',S0119,KIBAHA,PWANI
67,S0119/0072,M,14,I,CIV - 'B' HIST - 'C' GEO - 'C' KISW - 'B' ENGL - 'A' CHEM - 'B' BIO - 'A' B/MATH - 'C',S0119,KIBAHA,PWANI
68,S0119/0073,M,10,I,CIV - 'B' HIST - 'B' GEO - 'A' KISW - 'B' ENGL - 'A' PHY - 'B' CHEM - 'A' BIO - 'A' B/MATH - 'B',S0119,KIBAHA,PWANI
69,S0119/0074,M,8,I,CIV - 'B' HIST - 'A' GEO - 'B' KISW - 'A' ENGL - 'A' PHY - 'B' CHEM - 'A' BIO - 'A' B/MATH - 'A',S0119,KIBAHA,PWANI
70,S0119/0075,M,15,I,CIV - 'C' HIST - 'C' GEO - 'C' KISW - 'B' ENGL - 'A' PHY - 'C' CHEM - 'C' BIO - 'A' B/MATH - 'B',S0119,KIBAHA,PWANI
71,S0119/0076,M,11,I,CIV - 'C' HIST - 'B' GEO - 'B' KISW - 'B' ENGL - 'A' PHY - 'C' CHEM - 'B' BIO - 'A' B/MATH - 'A',S0119,KIBAHA,PWANI
72,S0119/0077,M,7,I,CIV - 'A' GEO - 'A' KISW - 'B' ENGL - 'A' PHY - 'B' CHEM - 'A' BIO - 'A' B/MATH - 'A' COMM - 'A' B/KEEPING - 'A',S0119,KIBAHA,PWANI
73,S0119/0078,M,10,I,CIV - 'B' HIST - 'A' GEO - 'B' KISW - 'B' ENGL - 'A' PHY - 'B' CHEM - 'B' BIO - 'A' B/MATH - 'A',S0119,KIBAHA,PWANI
74,S0119/0079,M,11,I,CIV - 'B' HIST - 'B' GEO - 'C' KISW - 'B' ENGL - 'A' PHY - 'C' CHEM - 'A' BIO - 'A' B/MATH - 'B',S0119,KIBAHA,PWANI
75,S0119/0080,M,15,I,CIV - 'C' HIST - 'B' GEO - 'B' KISW - 'B' ENGL - 'B' BIO - 'B' B/MATH - 'C' COMM - 'B' B/KEEPING - 'X',S0119,KIBAHA,PWANI
76,S0119/0081,M,11,I,CIV - 'B' HIST - 'B' GEO - 'B' KISW - 'A' ENGL - 'B' BIO - 'A' B/MATH - 'A',S0119,KIBAHA,PWANI
77,S0119/0082,M,10,I,CIV - 'B' HIST - 'A' GEO - 'B' KISW - 'B' ENGL - 'A' CHEM - 'A' BIO - 'A' B/MATH - 'B',S0119,KIBAHA,PWANI
78,S0119/0083,M,11,I,CIV - 'B' HIST - 'A' GEO - 'B' KISW - 'A' ENGL - 'B' PHY - 'B' CHEM - 'B' BIO - 'A' B/MATH - 'B',S0119,KIBAHA,PWANI
79,S0119/0084,M,11,I,CIV - 'B' HIST - 'B' GEO - 'C' KISW - 'A' ENGL - 'A' PHY - 'C' CHEM - 'B' BIO - 'A' B/MATH - 'B',S0119,KIBAHA,PWANI
80,S0119/0086,M,9,I,CIV - 'B' HIST - 'A' GEO - 'B' KISW - 'A' ENGL - 'B' PHY - 'B' CHEM - 'A' BIO - 'A' B/MATH - 'A',S0119,KIBAHA,PWANI
81,S0119/0087,M,7,I,CIV - 'B' HIST - 'A' GEO - 'B' KISW - 'A' ENGL - 'A' PHY - 'A' CHEM - 'A' BIO - 'A' AGRI - 'A' B/MATH - 'A',S0119,KIBAHA,PWANI
82,S0119/0088,M,11,I,CIV - 'C' HIST - 'C' GEO - 'C' KISW - 'B' ENGL - 'A' PHY - 'B' CHEM - 'A' BIO - 'A' B/MATH - 'A',S0119,KIBAHA,PWANI
83,S0119/0089,M,9,I,CIV - 'C' HIST - 'B' GEO - 'B' KISW - 'A' ENGL - 'B' PHY - 'A' CHEM - 'A' BIO - 'A' AGRI - 'B' B/MATH - 'A',S0119,KIBAHA,PWANI
84,S0119/0090,M,8,I,CIV - 'C' HIST - 'A' GEO - 'A' KISW - 'A' ENGL - 'B' PHY - 'B' CHEM - 'A' BIO - 'A' AGRI - 'A' B/MATH - 'B',S0119,KIBAHA,PWANI
85,S0119/0091,M,7,I,CIV - 'B' HIST - 'A' GEO - 'A' KISW - 'A' ENGL - 'A' PHY - 'A' CHEM - 'A' BIO - 'A' AGRI - 'A' B/MATH - 'C',S0119,KIBAHA,PWANI
86,S0119/0092,M,13,I,CIV - 'C' HIST - 'B' GEO - 'B' KISW - 'B' ENGL - 'B' PHY - 'B' CHEM - 'B' BIO - 'A' B/MATH - 'B',S0119,KIBAHA,PWANI
87,S0119/0093,M,8,I,CIV - 'B' HIST - 'A' GEO - 'B' KISW - 'A' ENGL - 'A' PHY - 'B' CHEM - 'A' BIO - 'A' AGRI - 'B' B/MATH - 'A',S0119,KIBAHA,PWANI
88,S0119/0094,M,10,I,CIV - 'C' HIST - 'B' GEO - 'B' KISW - 'A' ENGL - 'A' PHY - 'C' CHEM - 'A' BIO - 'A' B/MATH - 'B',S0119,KIBAHA,PWANI
89,S0119/0095,M,9,I,CIV - 'C' HIST - 'B' GEO - 'A' KISW - 'A' ENGL - 'A' PHY - 'C' CHEM - 'A' BIO - 'A' B/MATH - 'B',S0119,KIBAHA,PWANI
90,S0119/0096,M,10,I,CIV - 'C' HIST - 'A' GEO - 'B' KISW - 'B' ENGL - 'A' PHY - 'B' CHEM - 'B' BIO - 'A' AGRI - 'A' B/MATH - 'C',S0119,KIBAHA,PWANI
0,S0121/0001,M,21,II,CIV - 'C' HIST - 'C' GEO - 'C' B/KNOWL - 'C' KISW - 'C' ENGL - 'C' BIO - 'C' B/MATH - 'D',S0121,ST. JAMES SEMINARY,KILIMANJARO
1,S0121/0002,M,10,I,CIV - 'B' HIST - 'B' GEO - 'B' B/KNOWL - 'B' KISW - 'B' ENGL - 'A' PHY - 'C' CHEM - 'A' BIO - 'A' B/MATH - 'A',S0121,ST. JAMES SEMINARY,KILIMANJARO
2,S0121/0003,M,11,I,CIV - 'B' HIST - 'B' GEO - 'C' B/KNOWL - 'A' KISW - 'B' ENGL - 'B' PHY - 'C' CHEM - 'A' BIO - 'A' B/MATH - 'C',S0121,ST. JAMES SEMINARY,KILIMANJARO
3,S0121/0004,M,8,I,CIV - 'B' HIST - 'A' GEO - 'B' B/KNOWL - 'A' KISW - 'B' ENGL - 'A' PHY - 'B' CHEM - 'A' BIO - 'A' B/MATH - 'A',S0121,ST. JAMES SEMINARY,KILIMANJARO
4,S0121/0005,M,7,I,CIV - 'B' HIST - 'A' GEO - 'B' B/KNOWL - 'A' KISW - 'A' ENGL - 'A' PHY - 'B' CHEM - 'A' BIO - 'A' B/MATH - 'A',S0121,ST. JAMES SEMINARY,KILIMANJARO
5,S0121/0006,M,10,I,CIV - 'B' HIST - 'A' GEO - 'B' B/KNOWL - 'B' KISW - 'B' ENGL - 'B' PHY - 'B' CHEM - 'A' BIO - 'A' B/MATH - 'A',S0121,ST. JAMES SEMINARY,KILIMANJARO
6,S0121/0007,M,14,I,CIV - 'C' HIST - 'A' GEO - 'C' B/KNOWL - 'B' KISW - 'C' ENGL - 'B' PHY - 'C' CHEM - 'A' BIO - 'B' B/MATH - 'C',S0121,ST. JAMES SEMINARY,KILIMANJARO
7,S0121/0008,M,12,I,CIV - 'B' HIST - 'B' GEO - 'B' B/KNOWL - 'B' KISW - 'C' ENGL - 'B' PHY - 'B' CHEM - 'A' BIO - 'A' B/MATH - 'B',S0121,ST. JAMES SEMINARY,KILIMANJARO
8,S0121/0009,M,14,I,CIV - 'B' HIST - 'B' GEO - 'C' B/KNOWL - 'B' KISW - 'B' ENGL - 'B' BIO - 'A' B/MATH - 'D',S0121,ST. JAMES SEMINARY,KILIMANJARO
9,S0121/0010,M,11,I,CIV - 'C' HIST - 'A' GEO - 'B' B/KNOWL - 'C' KISW - 'B' ENGL - 'B' PHY - 'C' CHEM - 'A' BIO - 'A' B/MATH - 'B',S0121,ST. JAMES SEMINARY,KILIMANJARO
10,S0121/0011,M,12,I,CIV - 'B' HIST - 'A' GEO - 'C' B/KNOWL - 'A' KISW - 'C' ENGL - 'A' BIO - 'A' B/MATH - 'C',S0121,ST. JAMES SEMINARY,KILIMANJARO
11,S0121/0012,M,12,I,CIV - 'B' HIST - 'A' GEO - 'C' B/KNOWL - 'A' KISW - 'C' ENGL - 'B' PHY - 'C' CHEM - 'B' BIO - 'A' B/MATH - 'D',S0121,ST. JAMES SEMINARY,KILIMANJARO
12,S0121/0013,M,20,II,CIV - 'C' HIST - 'C' GEO - 'C' B/KNOWL - 'B' KISW - 'C' ENGL - 'C' BIO - 'C' B/MATH - 'D',S0121,ST. JAMES SEMINARY,KILIMANJARO
13,S0121/0014,M,10,I,CIV - 'B' HIST - 'B' GEO - 'B' B/KNOWL - 'A' KISW - 'B' ENGL - 'A' PHY - 'B' CHEM - 'A' BIO - 'A' B/MATH - 'B',S0121,ST. JAMES SEMINARY,KILIMANJARO
14,S0121/0015,M,16,I,CIV - 'B' HIST - 'C' GEO - 'C' B/KNOWL - 'C' KISW - 'B' ENGL - 'B' BIO - 'A' B/MATH - 'D',S0121,ST. JAMES SEMINARY,KILIMANJARO
15,S0121/0016,M,12,I,CIV - 'B' HIST - 'B' GEO - 'B' B/KNOWL - 'B' KISW - 'B' ENGL - 'B' PHY - 'C' CHEM - 'A' BIO - 'A' B/MATH - 'C',S0121,ST. JAMES SEMINARY,KILIMANJARO
16,S0121/0017,M,18,II,CIV - 'C' HIST - 'B' GEO - 'B' B/KNOWL - 'C' KISW - 'C' ENGL - 'C' BIO - 'B' B/MATH - 'C',S0121,ST. JAMES SEMINARY,KILIMANJARO
17,S0121/0018,M,11,I,CIV - 'B' HIST - 'A' GEO - 'C' B/KNOWL - 'A' KISW - 'B' ENGL - 'C' PHY - 'C' CHEM - 'A' BIO - 'B' B/MATH - 'B',S0121,ST. JAMES SEMINARY,KILIMANJARO
18,S0121/0019,M,14,I,CIV - 'B' HIST - 'B' GEO - 'C' B/KNOWL - 'C' KISW - 'B' ENGL - 'C' PHY - 'C' CHEM - 'A' BIO - 'B' B/MATH - 'B',S0121,ST. JAMES SEMINARY,KILIMANJARO
19,S0121/0020,M,9,I,CIV - 'B' HIST - 'A' GEO - 'B' B/KNOWL - 'A' KISW - 'C' ENGL - 'B' PHY - 'B' CHEM - 'A' BIO - 'A' B/MATH - 'A',S0121,ST. JAMES SEMINARY,KILIMANJARO
20,S0121/0021,M,8,I,CIV - 'B' HIST - 'A' GEO - 'B' B/KNOWL - 'A' KISW - 'B' ENGL - 'B' PHY - 'A' CHEM - 'A' BIO - 'A' B/MATH - 'A',S0121,ST. JAMES SEMINARY,KILIMANJARO
21,S0121/0022,M,17,I,CIV - 'B' HIST - 'C' GEO - 'C' B/KNOWL - 'B' KISW - 'C' ENGL - 'C' BIO - 'A' B/MATH - 'D',S0121,ST. JAMES SEMINARY,KILIMANJARO
22,S0121/0023,M,18,II,CIV - 'C' HIST - 'C' GEO - 'C' B/KNOWL - 'C' KISW - 'B' ENGL - 'C' BIO - 'B' B/MATH - 'B',S0121,ST. JAMES SEMINARY,KILIMANJARO
23,S0121/0024,M,19,II,CIV - 'C' HIST - 'B' GEO - 'C' B/KNOWL - 'C' KISW - 'C' ENGL - 'C' BIO - 'B' B/MATH - 'C',S0121,ST. JAMES SEMINARY,KILIMANJARO
24,S0121/0025,M,19,II,CIV - 'C' HIST - 'C' GEO - 'C' B/KNOWL - 'C' KISW - 'B' ENGL - 'C' BIO - 'B' B/MATH - 'C',S0121,ST. JAMES SEMINARY,KILIMANJARO
25,S0121/0026,M,9,I,CIV - 'C' HIST - 'A' GEO - 'C' B/KNOWL - 'B' KISW - 'B' ENGL - 'A' PHY - 'C' CHEM - 'A' BIO - 'A' B/MATH - 'A',S0121,ST. JAMES SEMINARY,KILIMANJARO
26,S0121/0027,M,22,III,CIV - 'C' HIST - 'C' GEO - 'D' B/KNOWL - 'D' KISW - 'C' ENGL - 'C' BIO - 'B' B/MATH - 'D',S0121,ST. JAMES SEMINARY,KILIMANJARO
27,S0121/0028,M,12,I,CIV - 'C' HIST - 'A' GEO - 'C' B/KNOWL - 'C' KISW - 'B' ENGL - 'C' PHY - 'B' CHEM - 'A' BIO - 'A' B/MATH - 'B',S0121,ST. JAMES SEMINARY,KILIMANJARO
28,S0121/0029,M,9,I,CIV - 'B' HIST - 'A' GEO - 'C' B/KNOWL - 'B' KISW - 'B' ENGL - 'A' PHY - 'C' CHEM - 'A' BIO - 'A' B/MATH - 'A',S0121,ST. JAMES SEMINARY,KILIMANJARO
29,S0121/0030,M,13,I,CIV - 'C' HIST - 'B' GEO - 'B' B/KNOWL - 'B' KISW - 'B' ENGL - 'B' BIO - 'A' B/MATH - 'B',S0121,ST. JAMES SEMINARY,KILIMANJARO
30,S0121/0031,M,7,I,CIV - 'B' HIST - 'B' GEO - 'C' B/KNOWL - 'A' KISW - 'A' ENGL - 'A' PHY - 'A' CHEM - 'A' BIO - 'A' B/MATH - 'A',S0121,ST. JAMES SEMINARY,KILIMANJARO
31,S0121/0032,M,14,I,CIV - 'B' HIST - 'B' GEO - 'C' B/KNOWL - 'A' KISW - 'C' ENGL - 'B' BIO - 'A' B/MATH - 'C',S0121,ST. JAMES SEMINARY,KILIMANJARO
32,S0121/0033,M,11,I,CIV - 'B' HIST - 'B' GEO - 'C' B/KNOWL - 'A' KISW - 'B' ENGL - 'B' PHY - 'C' CHEM - 'A' BIO - 'A' B/MATH - 'B',S0121,ST. JAMES SEMINARY,KILIMANJARO
33,S0121/0034,M,7,I,CIV - 'B' HIST - 'A' GEO - 'B' B/KNOWL - 'A' KISW - 'A' ENGL - 'A' PHY - 'B' CHEM - 'A' BIO - 'A' B/MATH - 'A',S0121,ST. JAMES SEMINARY,KILIMANJARO
34,S0121/0035,M,11,I,CIV - 'C' HIST - 'A' GEO - 'B' B/KNOWL - 'A' KISW - 'B' ENGL - 'A' BIO - 'A' B/MATH - 'C',S0121,ST. JAMES SEMINARY,KILIMANJARO
35,S0121/0036,M,15,I,CIV - 'C' HIST - 'B' GEO - 'C' B/KNOWL - 'A' KISW - 'B' ENGL - 'C' BIO - 'A' B/MATH - 'C',S0121,ST. JAMES SEMINARY,KILIMANJARO
36,S0121/0037,M,11,I,CIV - 'B' HIST - 'B' GEO - 'C' B/KNOWL - 'A' KISW - 'B' ENGL - 'B' PHY - 'C' CHEM - 'A' BIO - 'A' B/MATH - 'C',S0121,ST. JAMES SEMINARY,KILIMANJARO
37,S0121/0038,M,7,I,CIV - 'B' HIST - 'A' GEO - 'B' B/KNOWL - 'A' KISW - 'A' ENGL - 'A' PHY - 'A' CHEM - 'A' BIO - 'A' B/MATH - 'A',S0121,ST. JAMES SEMINARY,KILIMANJARO
38,S0121/0039,M,12,I,CIV - 'B' HIST - 'A' GEO - 'C' B/KNOWL - 'A' KISW - 'A' ENGL - 'C' BIO - 'A' B/MATH - 'C',S0121,ST. JAMES SEMINARY,KILIMANJARO
39,S0121/0040,M,10,I,CIV - 'B' HIST - 'B' GEO - 'B' B/KNOWL - 'A' KISW - 'B' ENGL - 'B' PHY - 'B' CHEM - 'A' BIO - 'A' B/MATH - 'A',S0121,ST. JAMES SEMINARY,KILIMANJARO
40,S0121/0041,M,19,II,CIV - 'C' HIST - 'C' GEO - 'C' B/KNOWL - 'B' KISW - 'C' ENGL - 'C' BIO - 'B' B/MATH - 'C',S0121,ST. JAMES SEMINARY,KILIMANJARO
41,S0121/0042,M,17,I,CIV - 'C' HIST - 'B' GEO - 'C' B/KNOWL - 'B' KISW - 'B' ENGL - 'C' BIO - 'B' B/MATH - 'D',S0121,ST. JAMES SEMINARY,KILIMANJARO
42,S0121/0043,M,20,II,CIV - 'C' HIST - 'C' GEO - 'C' B/KNOWL - 'C' KISW - 'C' ENGL - 'C' BIO - 'B' B/MATH - 'C',S0121,ST. JAMES SEMINARY,KILIMANJARO
43,S0121/0044,M,14,I,CIV - 'B' HIST - 'A' GEO - 'C' B/KNOWL - 'B' KISW - 'B' ENGL - 'C' BIO - 'A' B/MATH - 'D',S0121,ST. JAMES SEMINARY,KILIMANJARO
44,S0121/0045,M,8,I,CIV - 'B' HIST - 'A' GEO - 'C' B/KNOWL - 'B' KISW - 'A' ENGL - 'A' PHY - 'C' CHEM - 'A' BIO - 'A' B/MATH - 'A',S0121,ST. JAMES SEMINARY,KILIMANJARO
45,S0121/0046,M,10,I,CIV - 'B' HIST - 'A' GEO - 'B' B/KNOWL - 'B' KISW - 'B' ENGL - 'A' PHY - 'C' CHEM - 'A' BIO - 'A' B/MATH - 'C',S0121,ST. JAMES SEMINARY,KILIMANJARO
46,S0121/0047,M,14,I,CIV - 'C' HIST - 'B' GEO - 'C' B/KNOWL - 'B' KISW - 'B' ENGL - 'B' PHY - 'C' CHEM - 'B' BIO - 'A' B/MATH - 'C',S0121,ST. JAMES SEMINARY,KILIMANJARO
47,S0121/0048,M,11,I,CIV - 'B' HIST - 'B' GEO - 'C' B/KNOWL - 'B' KISW - 'C' ENGL - 'A' PHY - 'B' CHEM - 'A' BIO - 'A' B/MATH - 'C',S0121,ST. JAMES SEMINARY,KILIMANJARO
48,S0121/0049,M,17,I,CIV - 'C' HIST - 'C' GEO - 'C' B/KNOWL - 'C' KISW - 'C' ENGL - 'B' PHY - 'C' CHEM - 'A' BIO - 'B' B/MATH - 'C',S0121,ST. JAMES SEMINARY,KILIMANJARO
49,S0121/0050,M,8,I,CIV - 'B' HIST - 'A' GEO - 'B' B/KNOWL - 'B' KISW - 'A' ENGL - 'A' PHY - 'B' CHEM - 'A' BIO - 'A' B/MATH - 'A',S0121,ST. JAMES SEMINARY,KILIMANJARO
50,S0121/0051,M,14,I,CIV - 'B' HIST - 'A' GEO - 'C' B/KNOWL - 'B' KISW - 'C' ENGL - 'B' BIO - 'A' B/MATH - 'C',S0121,ST. JAMES SEMINARY,KILIMANJARO
51,S0121/0052,M,18,II,CIV - 'C' HIST - 'B' GEO - 'C' B/KNOWL - 'C' KISW - 'B' ENGL - 'C' BIO - 'B' B/MATH - 'D',S0121,ST. JAMES SEMINARY,KILIMANJARO
52,S0121/0053,M,7,I,CIV - 'B' HIST - 'A' GEO - 'A' B/KNOWL - 'A' KISW - 'A' ENGL - 'A' PHY - 'B' CHEM - 'A' BIO - 'A' B/MATH - 'A',S0121,ST. JAMES SEMINARY,KILIMANJARO
0,S0122/0001,M,23,III,CIV - 'C' HIST - 'C' GEO - 'C' KISW - 'C' ENGL - 'D' PHY - 'D' BIO - 'C' B/MATH - 'F',S0122,KILIMANJARO BOYS,KILIMANJARO
1,S0122/0002,M,19,II,CIV - 'C' HIST - 'B' GEO - 'C' KISW - 'B' ENGL - 'C' PHY - 'D' CHEM - 'C' BIO - 'C' B/MATH - 'C',S0122,KILIMANJARO BOYS,KILIMANJARO
2,S0122/0003,M,19,II,CIV - 'C' HIST - 'B' GEO - 'C' KISW - 'C' ENGL - 'C' PHY - 'D' CHEM - 'C' BIO - 'B' B/MATH - 'D',S0122,KILIMANJARO BOYS,KILIMANJARO
3,S0122/0004,M,21,II,CIV - 'C' HIST - 'C' GEO - 'C' KISW - 'B' ENGL - 'D' PHY - 'D' CHEM - 'C' BIO - 'C' B/MATH - 'D',S0122,KILIMANJARO BOYS,KILIMANJARO
4,S0122/0005,M,21,II,CIV - 'C' HIST - 'C' GEO - 'C' KISW - 'C' ENGL - 'C' PHY - 'D' CHEM - 'C' BIO - 'C' B/MATH - 'C',S0122,KILIMANJARO BOYS,KILIMANJARO
5,S0122/0006,M,24,III,CIV - 'C' HIST - 'C' GEO - 'C' KISW - 'C' ENGL - 'D' BIO - 'C' B/MATH - 'F',S0122,KILIMANJARO BOYS,KILIMANJARO
6,S0122/0007,M,20,II,CIV - 'C' HIST - 'C' GEO - 'C' KISW - 'C' ENGL - 'C' PHY - 'D' CHEM - 'C' BIO - 'B' B/MATH - 'D',S0122,KILIMANJARO BOYS,KILIMANJARO
7,S0122/0008,M,18,II,CIV - 'C' HIST - 'B' GEO - 'C' KISW - 'B' ENGL - 'C' PHY - 'D' CHEM - 'C' BIO - 'B' B/MATH - 'C',S0122,KILIMANJARO BOYS,KILIMANJARO
8,S0122/0009,M,15,I,CIV - 'B' HIST - 'B' GEO - 'C' KISW - 'B' ENGL - 'A' PHY - 'D' CHEM - 'C' BIO - 'B' B/MATH - 'D',S0122,KILIMANJARO BOYS,KILIMANJARO
9,S0122/0010,M,26,IV,CIV - 'D' HIST - 'D' GEO - 'D' KISW - 'C' ENGL - 'D' CHEM - 'D' BIO - 'C' B/MATH - 'F',S0122,KILIMANJARO BOYS,KILIMANJARO
10,S0122/0011,M,22,III,CIV - 'C' HIST - 'C' GEO - 'C' KISW - 'C' ENGL - 'D' PHY - 'D' CHEM - 'D' BIO - 'B' B/MATH - 'D',S0122,KILIMANJARO BOYS,KILIMANJARO
11,S0122/0012,M,28,IV,CIV - 'D' HIST - 'D' GEO - 'D' KISW - 'C' ENGL - 'D' BIO - 'D' B/MATH - 'F',S0122,KILIMANJARO BOYS,KILIMANJARO
12,S0122/0013,M,30,IV,CIV - 'F' HIST - 'D' GEO - 'F' KISW - 'C' ENGL - 'D' BIO - 'D' B/MATH - 'F',S0122,KILIMANJARO BOYS,KILIMANJARO
13,S0122/0014,M,26,IV,CIV - 'D' HIST - 'D' GEO - 'D' KISW - 'C' ENGL - 'D' BIO - 'C' B/MATH - 'D',S0122,KILIMANJARO BOYS,KILIMANJARO
14,S0122/0015,M,28,IV,CIV - 'D' HIST - 'D' GEO - 'D' KISW - 'D' ENGL - 'D' BIO - 'C' B/MATH - 'F',S0122,KILIMANJARO BOYS,KILIMANJARO
15,S0122/0016,M,26,IV,CIV - 'D' HIST - 'D' GEO - 'D' KISW - 'C' ENGL - 'D' CHEM - 'D' BIO - 'C' B/MATH - 'F',S0122,KILIMANJARO BOYS,KILIMANJARO
16,S0122/0017,M,23,III,CIV - 'D' HIST - 'C' GEO - 'D' KISW - 'C' ENGL - 'C' CHEM - 'C' BIO - 'C' B/MATH - 'D',S0122,KILIMANJARO BOYS,KILIMANJARO
17,S0122/0018,M,24,III,CIV - 'D' HIST - 'C' GEO - 'C' KISW - 'C' ENGL - 'D' PHY - 'F' BIO - 'C' B/MATH - 'D',S0122,KILIMANJARO BOYS,KILIMANJARO
18,S0122/0019,M,17,I,CIV - 'C' HIST - 'B' GEO - 'C' KISW - 'B' ENGL - 'C' PHY - 'D' CHEM - 'C' BIO - 'B' B/MATH - 'B',S0122,KILIMANJARO BOYS,KILIMANJARO
19,S0122/0020,M,19,II,CIV - 'C' HIST - 'C' GEO - 'C' KISW - 'B' ENGL - 'C' PHY - 'D' CHEM - 'C' BIO - 'B' B/MATH - 'D',S0122,KILIMANJARO BOYS,KILIMANJARO
20,S0122/0021,M,18,II,CIV - 'C' HIST - 'B' GEO - 'C' KISW - 'B' ENGL - 'C' PHY - 'C' CHEM - 'C' BIO - 'B' B/MATH - 'C',S0122,KILIMANJARO BOYS,KILIMANJARO
21,S0122/0022,M,22,III,CIV - 'C' HIST - 'C' GEO - 'C' KISW - 'C' ENGL - 'D' CHEM - 'C' BIO - 'C' B/MATH - 'D',S0122,KILIMANJARO BOYS,KILIMANJARO
22,S0122/0023,M,19,II,CIV - 'C' HIST - 'C' GEO - 'C' KISW - 'B' ENGL - 'C' PHY - 'D' CHEM - 'C' BIO - 'B' B/MATH - 'F',S0122,KILIMANJARO BOYS,KILIMANJARO
23,S0122/0024,M,17,I,CIV - 'C' HIST - 'B' GEO - 'C' KISW - 'B' ENGL - 'C' PHY - 'C' CHEM - 'B' BIO - 'B' B/MATH - 'C',S0122,KILIMANJARO BOYS,KILIMANJARO
24,S0122/0025,M,21,II,CIV - 'C' HIST - 'C' GEO - 'C' KISW - 'B' ENGL - 'D' PHY - 'D' CHEM - 'C' BIO - 'C' B/MATH - 'D',S0122,KILIMANJARO BOYS,KILIMANJARO
25,S0122/0026,M,19,II,CIV - 'C' HIST - 'C' GEO - 'C' KISW - 'B' ENGL - 'C' PHY - 'D' CHEM - 'C' BIO - 'B' B/MATH - 'C',S0122,KILIMANJARO BOYS,KILIMANJARO
26,S0122/0027,M,23,III,CIV - 'C' HIST - 'C' GEO - 'C' KISW - 'C' ENGL - 'D' PHY - 'D' BIO - 'C' B/MATH - 'D',S0122,KILIMANJARO BOYS,KILIMANJARO
27,S0122/0028,M,25,III,CIV - 'C' HIST - 'D' GEO - 'D' KISW - 'C' ENGL - 'D' BIO - 'C' B/MATH - 'D',S0122,KILIMANJARO BOYS,KILIMANJARO
28,S0122/0029,M,26,IV,CIV - 'D' HIST - 'C' GEO - 'D' KISW - 'C' ENGL - 'D' BIO - 'C' B/MATH - 'F',S0122,KILIMANJARO BOYS,KILIMANJARO
29,S0122/0030,M,23,III,CIV - 'C' HIST - 'C' GEO - 'C' KISW - 'C' ENGL - 'D' BIO - 'B' B/MATH - 'F',S0122,KILIMANJARO BOYS,KILIMANJARO
30,S0122/0031,M,24,III,CIV - 'C' HIST - 'C' GEO - 'D' KISW - 'C' ENGL - 'D' CHEM - 'D' BIO - 'C' B/MATH - 'F',S0122,KILIMANJARO BOYS,KILIMANJARO
31,S0122/0032,M,13,I,CIV - 'B' HIST - 'B' GEO - 'B' KISW - 'B' ENGL - 'A' PHY - 'D' CHEM - 'C' BIO - 'A' B/MATH - 'C',S0122,KILIMANJARO BOYS,KILIMANJARO
32,S0122/0033,M,21,II,CIV - 'C' HIST - 'C' GEO - 'C' KISW - 'C' ENGL - 'C' PHY - 'D' BIO - 'B' B/MATH - 'D',S0122,KILIMANJARO BOYS,KILIMANJARO
0,S0124/0001,M,14,I,CIV - 'B' HIST - 'B' GEO - 'C' B/KNOWL - 'C' KISW - 'B' ENGL - 'B' PHY - 'C' CHEM - 'A' BIO - 'B' B/MATH - 'C',S0124,LIKONDE SEMINARY,RUVUMA
1,S0124/0002,M,15,I,CIV - 'B' HIST - 'A' GEO - 'C' B/KNOWL - 'D' KISW - 'B' ENGL - 'C' PHY - 'C' CHEM - 'B' BIO - 'B' B/MATH - 'C',S0124,LIKONDE SEMINARY,RUVUMA
2,S0124/0003,M,11,I,CIV - 'B' HIST - 'A' GEO - 'C' B/KNOWL - 'C' KISW - 'B' ENGL - 'B' PHY - 'C' CHEM - 'A' BIO - 'A' B/MATH - 'B',S0124,LIKONDE SEMINARY,RUVUMA
3,S0124/0004,M,17,I,CIV - 'C' HIST - 'B' GEO - 'C' B/KNOWL - 'C' KISW - 'B' ENGL - 'C' CHEM - 'B' BIO - 'B' B/MATH - 'C',S0124,LIKONDE SEMINARY,RUVUMA
4,S0124/0005,M,18,II,CIV - 'B' HIST - 'C' GEO - 'C' B/KNOWL - 'B' KISW - 'C' ENGL - 'C' BIO - 'B' B/MATH - 'D',S0124,LIKONDE SEMINARY,RUVUMA
5,S0124/0006,M,21,II,CIV - 'C' HIST - 'C' GEO - 'C' B/KNOWL - 'C' KISW - 'C' ENGL - 'C' BIO - 'C' B/MATH - 'D',S0124,LIKONDE SEMINARY,RUVUMA
6,S0124/0007,M,18,II,CIV - 'B' HIST - 'C' GEO - 'C' B/KNOWL - 'C' KISW - 'B' ENGL - 'C' BIO - 'B' B/MATH - 'D',S0124,LIKONDE SEMINARY,RUVUMA
7,S0124/0008,M,17,I,CIV - 'C' HIST - 'B' GEO - 'C' B/KNOWL - 'C' KISW - 'B' ENGL - 'B' BIO - 'B' B/MATH - 'F',S0124,LIKONDE SEMINARY,RUVUMA
8,S0124/0009,M,10,I,CIV - 'B' HIST - 'B' GEO - 'B' B/KNOWL - 'B' KISW - 'A' ENGL - 'B' PHY - 'B' CHEM - 'A' BIO - 'A' B/MATH - 'A',S0124,LIKONDE SEMINARY,RUVUMA
9,S0124/0010,M,20,II,CIV - 'C' HIST - 'C' GEO - 'C' B/KNOWL - 'C' KISW - 'C' ENGL - 'C' BIO - 'B' B/MATH - 'D',S0124,LIKONDE SEMINARY,RUVUMA
10,S0124/0011,M,15,I,CIV - 'B' HIST - 'B' GEO - 'C' B/KNOWL - 'B' KISW - 'C' ENGL - 'C' PHY - 'C' CHEM - 'B' BIO - 'A' B/MATH - 'D',S0124,LIKONDE SEMINARY,RUVUMA
11,S0124/0012,M,21,II,CIV - 'C' HIST - 'C' GEO - 'C' B/KNOWL - 'C' KISW - 'C' ENGL - 'C' BIO - 'C' B/MATH - 'F',S0124,LIKONDE SEMINARY,RUVUMA
12,S0124/0013,M,20,II,CIV - 'C' HIST - 'C' GEO - 'C' B/KNOWL - 'C' KISW - 'C' ENGL - 'C' BIO - 'B' B/MATH - 'C',S0124,LIKONDE SEMINARY,RUVUMA
13,S0124/0014,M,18,II,CIV - 'C' HIST - 'C' GEO - 'C' B/KNOWL - 'C' KISW - 'C' ENGL - 'C' CHEM - 'A' BIO - 'B' B/MATH - 'C',S0124,LIKONDE SEMINARY,RUVUMA
14,S0124/0015,M,22,III,CIV - 'D' HIST - 'C' GEO - 'C' B/KNOWL - 'C' KISW - 'C' ENGL - 'D' BIO - 'B' B/MATH - 'D',S0124,LIKONDE SEMINARY,RUVUMA
15,S0124/0016,M,16,I,CIV - 'C' HIST - 'B' GEO - 'C' B/KNOWL - 'C' KISW - 'B' ENGL - 'C' PHY - 'C' CHEM - 'B' BIO - 'A' B/MATH - 'C',S0124,LIKONDE SEMINARY,RUVUMA
16,S0124/0017,M,20,II,CIV - 'C' HIST - 'B' GEO - 'C' B/KNOWL - 'D' KISW - 'C' ENGL - 'C' BIO - 'B' B/MATH - 'D',S0124,LIKONDE SEMINARY,RUVUMA
17,S0124/0018,M,17,I,CIV - 'C' HIST - 'C' GEO - 'C' B/KNOWL - 'C' KISW - 'C' ENGL - 'C' PHY - 'B' CHEM - 'B' BIO - 'C' B/MATH - 'A',S0124,LIKONDE SEMINARY,RUVUMA
18,S0124/0019,M,20,II,CIV - 'C' HIST - 'B' GEO - 'C' B/KNOWL - 'D' KISW - 'C' ENGL - 'C' BIO - 'B' B/MATH - 'F',S0124,LIKONDE SEMINARY,RUVUMA
19,S0124/0020,M,9,I,CIV - 'B' HIST - 'A' GEO - 'B' B/KNOWL - 'A' KISW - 'A' ENGL - 'C' PHY - 'C' CHEM - 'A' BIO - 'A' B/MATH - 'C',S0124,LIKONDE SEMINARY,RUVUMA
20,S0124/0021,M,20,II,CIV - 'C' HIST - 'C' GEO - 'C' B/KNOWL - 'C' KISW - 'B' ENGL - 'C' BIO - 'C' B/MATH - 'D',S0124,LIKONDE SEMINARY,RUVUMA
21,S0124/0022,M,16,I,CIV - 'C' HIST - 'B' GEO - 'C' B/KNOWL - 'C' KISW - 'A' ENGL - 'C' PHY - 'D' CHEM - 'B' BIO - 'B' B/MATH - 'C',S0124,LIKONDE SEMINARY,RUVUMA
22,S0124/0023,M,21,II,CIV - 'C' HIST - 'C' GEO - 'C' B/KNOWL - 'C' KISW - 'C' ENGL - 'C' BIO - 'C' B/MATH - 'D',S0124,LIKONDE SEMINARY,RUVUMA
23,S0124/0024,M,16,I,CIV - 'B' HIST - 'B' GEO - 'C' B/KNOWL - 'C' KISW - 'B' ENGL - 'B' BIO - 'B' B/MATH - 'D',S0124,LIKONDE SEMINARY,RUVUMA
24,S0124/0025,M,17,I,CIV - 'C' HIST - 'C' GEO - 'C' B/KNOWL - 'D' KISW - 'A' ENGL - 'C' PHY - 'C' CHEM - 'B' BIO - 'B' B/MATH - 'C',S0124,LIKONDE SEMINARY,RUVUMA
25,S0124/0026,M,20,II,CIV - 'C' HIST - 'C' GEO - 'C' B/KNOWL - 'C' KISW - 'B' ENGL - 'C' BIO - 'C' B/MATH - 'C',S0124,LIKONDE SEMINARY,RUVUMA
26,S0124/0027,M,18,II,CIV - 'C' HIST - 'C' GEO - 'C' B/KNOWL - 'C' KISW - 'C' ENGL - 'C' PHY - 'C' CHEM - 'B' BIO - 'B' B/MATH - 'B',S0124,LIKONDE SEMINARY,RUVUMA
0,S0127/0001,M,19,II,CIV - 'D' HIST - 'C' GEO - 'C' B/KNOWL - 'B' KISW - 'C' ENGL - 'C' PHY - 'D' CHEM - 'C' BIO - 'B' B/MATH - 'D',S0127,MAKOKO SEMINARY,MARA
1,S0127/0003,M,13,I,CIV - 'C' HIST - 'B' GEO - 'C' B/KNOWL - 'B' KISW - 'C' ENGL - 'B' PHY - 'C' CHEM - 'B' BIO - 'A' B/MATH - 'A',S0127,MAKOKO SEMINARY,MARA
2,S0127/0004,M,11,I,CIV - 'B' HIST - 'A' GEO - 'B' B/KNOWL - 'B' KISW - 'C' ENGL - 'A' PHY - 'C' CHEM - 'B' BIO - 'A' B/MATH - 'D',S0127,MAKOKO SEMINARY,MARA
3,S0127/0005,M,17,I,CIV - 'C' HIST - 'C' GEO - 'C' B/KNOWL - 'B' KISW - 'C' ENGL - 'B' PHY - 'C' CHEM - 'B' BIO - 'B' B/MATH - 'D',S0127,MAKOKO SEMINARY,MARA
4,S0127/0006,M,19,II,CIV - 'C' HIST - 'C' GEO - 'C' B/KNOWL - 'C' KISW - 'C' ENGL - 'B' PHY - 'D' CHEM - 'C' BIO - 'B' B/MATH - 'C',S0127,MAKOKO SEMINARY,MARA
5,S0127/0007,M,16,I,CIV - 'C' HIST - 'B' GEO - 'C' B/KNOWL - 'B' KISW - 'C' ENGL - 'B' PHY - 'C' CHEM - 'B' BIO - 'B' B/MATH - 'C',S0127,MAKOKO SEMINARY,MARA
6,S0127/0008,M,19,II,CIV - 'C' HIST - 'C' GEO - 'C' B/KNOWL - 'A' KISW - 'C' ENGL - 'C' PHY - 'D' CHEM - 'C' BIO - 'C' B/MATH - 'D',S0127,MAKOKO SEMINARY,MARA
7,S0127/0009,M,16,I,CIV - 'C' HIST - 'B' GEO - 'C' B/KNOWL - 'B' KISW - 'C' ENGL - 'B' PHY - 'C' CHEM - 'B' BIO - 'B' B/MATH - 'C',S0127,MAKOKO SEMINARY,MARA
8,S0127/0010,M,8,I,CIV - 'B' HIST - 'A' GEO - 'B' B/KNOWL - 'A' KISW - 'C' ENGL - 'A' PHY - 'C' CHEM - 'A' BIO - 'A' B/MATH - 'A',S0127,MAKOKO SEMINARY,MARA
9,S0127/0011,M,17,I,CIV - 'C' HIST - 'B' GEO - 'C' B/KNOWL - 'B' KISW - 'C' ENGL - 'B' PHY - 'C' CHEM - 'C' BIO - 'C' B/MATH - 'B',S0127,MAKOKO SEMINARY,MARA
10,S0127/0012,M,21,II,CIV - 'C' HIST - 'C' GEO - 'C' B/KNOWL - 'C' KISW - 'C' ENGL - 'C' PHY - 'D' CHEM - 'C' BIO - 'C' B/MATH - 'C',S0127,MAKOKO SEMINARY,MARA
11,S0127/0013,M,15,I,CIV - 'C' HIST - 'A' GEO - 'C' B/KNOWL - 'B' KISW - 'C' ENGL - 'B' PHY - 'C' CHEM - 'B' BIO - 'B' B/MATH - 'D',S0127,MAKOKO SEMINARY,MARA
12,S0127/0014,M,19,II,CIV - 'C' HIST - 'C' GEO - 'C' B/KNOWL - 'B' KISW - 'C' ENGL - 'C' PHY - 'D' CHEM - 'C' BIO - 'B' B/MATH - 'D',S0127,MAKOKO SEMINARY,MARA
13,S0127/0015,M,18,II,CIV - 'C' HIST - 'C' GEO - 'C' B/KNOWL - 'B' KISW - 'C' ENGL - 'B' PHY - 'C' CHEM - 'C' BIO - 'B' B/MATH - 'C',S0127,MAKOKO SEMINARY,MARA
14,S0127/0016,M,16,I,CIV - 'C' HIST - 'C' GEO - 'C' B/KNOWL - 'B' KISW - 'C' ENGL - 'C' PHY - 'C' CHEM - 'B' BIO - 'B' B/MATH - 'A',S0127,MAKOKO SEMINARY,MARA
15,S0127/0017,M,11,I,CIV - 'C' HIST - 'A' GEO - 'C' B/KNOWL - 'B' KISW - 'B' ENGL - 'B' PHY - 'C' CHEM - 'A' BIO - 'A' B/MATH - 'B',S0127,MAKOKO SEMINARY,MARA
16,S0127/0018,M,17,I,CIV - 'C' HIST - 'B' GEO - 'C' B/KNOWL - 'B' KISW - 'C' ENGL - 'B' PHY - 'D' CHEM - 'B' BIO - 'C' B/MATH - 'D',S0127,MAKOKO SEMINARY,MARA
17,S0127/0019,M,8,I,CIV - 'C' HIST - 'B' GEO - 'A' B/KNOWL - 'A' KISW - 'B' ENGL - 'A' PHY - 'B' CHEM - 'A' BIO - 'A' B/MATH - 'A',S0127,MAKOKO SEMINARY,MARA
18,S0127/0020,M,7,I,CIV - 'B' HIST - 'A' GEO - 'C' B/KNOWL - 'A' KISW - 'A' ENGL - 'A' PHY - 'C' CHEM - 'A' BIO - 'A' B/MATH - 'A',S0127,MAKOKO SEMINARY,MARA
19,S0127/0021,M,18,II,CIV - 'C' HIST - 'B' GEO - 'C' B/KNOWL - 'B' KISW - 'C' ENGL - 'C' PHY - 'D' CHEM - 'C' BIO - 'B' B/MATH - 'D',S0127,MAKOKO SEMINARY,MARA
20,S0127/0022,M,16,I,CIV - 'C' HIST - 'B' GEO - 'C' B/KNOWL - 'B' KISW - 'C' ENGL - 'C' PHY - 'C' CHEM - 'B' BIO - 'A' B/MATH - 'C',S0127,MAKOKO SEMINARY,MARA
21,S0127/0023,M,10,I,CIV - 'C' HIST - 'A' GEO - 'C' B/KNOWL - 'B' KISW - 'B' ENGL - 'A' PHY - 'B' CHEM - 'A' BIO - 'B' B/MATH - 'A',S0127,MAKOKO SEMINARY,MARA
22,S0127/0024,M,18,II,CIV - 'B' HIST - 'B' GEO - 'C' B/KNOWL - 'B' KISW - 'C' ENGL - 'C' BIO - 'C' B/MATH - 'F',S0127,MAKOKO SEMINARY,MARA
23,S0127/0025,M,18,II,CIV - 'C' HIST - 'B' GEO - 'C' B/KNOWL - 'C' KISW - 'C' ENGL - 'C' PHY - 'C' CHEM - 'B' BIO - 'B' B/MATH - 'C',S0127,MAKOKO SEMINARY,MARA
24,S0127/0026,M,12,I,CIV - 'C' HIST - 'A' GEO - 'B' B/KNOWL - 'B' KISW - 'C' ENGL - 'B' PHY - 'C' CHEM - 'B' BIO - 'A' B/MATH - 'B',S0127,MAKOKO SEMINARY,MARA
25,S0127/0027,M,19,II,CIV - 'C' HIST - 'C' GEO - 'C' B/KNOWL - 'B' KISW - 'C' ENGL - 'C' PHY - 'D' CHEM - 'B' BIO - 'C' B/MATH - 'D',S0127,MAKOKO SEMINARY,MARA
26,S0127/0028,M,12,I,CIV - 'C' HIST - 'B' GEO - 'B' B/KNOWL - 'B' KISW - 'C' ENGL - 'B' PHY - 'C' CHEM - 'A' BIO - 'A' B/MATH - 'B',S0127,MAKOKO SEMINARY,MARA
27,S0127/0029,M,16,I,CIV - 'C' HIST - 'B' GEO - 'C' B/KNOWL - 'C' KISW - 'C' ENGL - 'B' PHY - 'C' CHEM - 'B' BIO - 'A' B/MATH - 'C',S0127,MAKOKO SEMINARY,MARA
28,S0127/0030,M,16,I,CIV - 'C' HIST - 'B' GEO - 'C' B/KNOWL - 'A' KISW - 'C' ENGL - 'B' PHY - 'C' CHEM - 'C' BIO - 'B' B/MATH - 'D',S0127,MAKOKO SEMINARY,MARA
29,S0127/0031,M,16,I,CIV - 'B' HIST - 'B' GEO - 'C' B/KNOWL - 'B' KISW - 'C' ENGL - 'B' PHY - 'C' CHEM - 'C' BIO - 'B' B/MATH - 'C',S0127,MAKOKO SEMINARY,MARA
30,S0127/0032,M,16,I,CIV - 'C' HIST - 'B' GEO - 'C' B/KNOWL - 'B' KISW - 'C' ENGL - 'A' BIO - 'B' B/MATH - 'C',S0127,MAKOKO SEMINARY,MARA
31,S0127/0033,M,15,I,CIV - 'C' HIST - 'B' GEO - 'C' B/KNOWL - 'A' KISW - 'C' ENGL - 'B' PHY - 'C' CHEM - 'B' BIO - 'C' B/MATH - 'B',S0127,MAKOKO SEMINARY,MARA
32,S0127/0034,M,13,I,CIV - 'C' HIST - 'B' GEO - 'B' B/KNOWL - 'B' KISW - 'B' ENGL - 'B' PHY - 'C' CHEM - 'A' BIO - 'B' B/MATH - 'B',S0127,MAKOKO SEMINARY,MARA
33,S0127/0035,M,14,I,CIV - 'C' HIST - 'B' GEO - 'C' B/KNOWL - 'A' KISW - 'C' ENGL - 'A' PHY - 'C' CHEM - 'C' BIO - 'A' B/MATH - 'C',S0127,MAKOKO SEMINARY,MARA
34,S0127/0036,M,13,I,CIV - 'C' HIST - 'A' GEO - 'C' B/KNOWL - 'B' KISW - 'C' ENGL - 'A' PHY - 'C' CHEM - 'B' BIO - 'B' B/MATH - 'B',S0127,MAKOKO SEMINARY,MARA
35,S0127/0037,M,18,II,CIV - 'C' HIST - 'B' GEO - 'C' B/KNOWL - 'B' KISW - 'C' ENGL - 'C' PHY - 'D' CHEM - 'C' BIO - 'B' B/MATH - 'D',S0127,MAKOKO SEMINARY,MARA
36,S0127/0038,M,16,I,CIV - 'C' HIST - 'A' GEO - 'C' B/KNOWL - 'B' KISW - 'C' ENGL - 'C' PHY - 'C' CHEM - 'B' BIO - 'B' B/MATH - 'C',S0127,MAKOKO SEMINARY,MARA
37,S0127/0039,M,16,I,CIV - 'C' HIST - 'B' GEO - 'C' B/KNOWL - 'B' KISW - 'C' ENGL - 'B' PHY - 'D' CHEM - 'B' BIO - 'B' B/MATH - 'D',S0127,MAKOKO SEMINARY,MARA
38,S0127/0040,M,17,I,CIV - 'C' HIST - 'B' GEO - 'C' B/KNOWL - 'B' KISW - 'C' ENGL - 'B' PHY - 'C' CHEM - 'B' BIO - 'C' B/MATH - 'C',S0127,MAKOKO SEMINARY,MARA
39,S0127/0041,M,21,II,CIV - 'C' HIST - 'C' GEO - 'C' B/KNOWL - 'C' KISW - 'C' ENGL - 'C' PHY - 'C' CHEM - 'C' BIO - 'C' B/MATH - 'D',S0127,MAKOKO SEMINARY,MARA
40,S0127/0042,M,11,I,CIV - 'C' HIST - 'A' GEO - 'B' B/KNOWL - 'B' KISW - 'B' ENGL - 'B' PHY - 'C' CHEM - 'A' BIO - 'A' B/MATH - 'B',S0127,MAKOKO SEMINARY,MARA
41,S0127/0043,M,14,I,CIV - 'C' HIST - 'A' GEO - 'B' B/KNOWL - 'C' KISW - 'C' ENGL - 'B' PHY - 'C' CHEM - 'A' BIO - 'B' B/MATH - 'C',S0127,MAKOKO SEMINARY,MARA
42,S0127/0044,M,17,I,CIV - 'C' HIST - 'B' GEO - 'C' B/KNOWL - 'B' KISW - 'B' ENGL - 'C' PHY - 'C' CHEM - 'C' BIO - 'B' B/MATH - 'C',S0127,MAKOKO SEMINARY,MARA
43,S0127/0045,M,14,I,CIV - 'C' HIST - 'B' GEO - 'B' B/KNOWL - 'A' KISW - 'C' ENGL - 'C' PHY - 'D' CHEM - 'B' BIO - 'A' B/MATH - 'C',S0127,MAKOKO SEMINARY,MARA
44,S0127/0046,M,-,ABS,CIV - 'X' HIST - 'X' GEO - 'X' B/KNOWL - 'X' KISW - 'X' ENGL - 'X' BIO - 'X' B/MATH - 'X',S0127,MAKOKO SEMINARY,MARA
45,S0127/0047,M,18,II,CIV - 'C' HIST - 'B' GEO - 'D' B/KNOWL - 'C' KISW - 'D' ENGL - 'B' PHY - 'C' CHEM - 'C' BIO - 'B' B/MATH - 'C',S0127,MAKOKO SEMINARY,MARA
46,S0127/0048,M,18,II,CIV - 'C' HIST - 'C' GEO - 'C' B/KNOWL - 'B' KISW - 'C' ENGL - 'B' PHY - 'C' CHEM - 'B' BIO - 'C' B/MATH - 'C',S0127,MAKOKO SEMINARY,MARA
47,S0127/0049,M,-,ABS,CIV - 'X' HIST - 'X' GEO - 'X' B/KNOWL - 'X' KISW - 'X' ENGL - 'X' PHY - 'X' CHEM - 'X' BIO - 'X' B/MATH - 'X',S0127,MAKOKO SEMINARY,MARA
48,S0127/0050,M,9,I,CIV - 'B' HIST - 'A' GEO - 'B' B/KNOWL - 'A' KISW - 'B' ENGL - 'B' PHY - 'B' CHEM - 'A' BIO - 'A' B/MATH - 'A',S0127,MAKOKO SEMINARY,MARA
49,S0127/0051,M,-,ABS,CIV - 'X' HIST - 'X' GEO - 'X' KISW - 'X' ENGL - 'X' BIO - 'X' B/MATH - 'X',S0127,MAKOKO SEMINARY,MARA
50,S0127/0052,M,14,I,CIV - 'C' HIST - 'B' GEO - 'C' B/KNOWL - 'B' KISW - 'C' ENGL - 'B' PHY - 'C' CHEM - 'A' BIO - 'A' B/MATH - 'C',S0127,MAKOKO SEMINARY,MARA
51,S0127/0053,M,15,I,CIV - 'C' HIST - 'B' GEO - 'C' B/KNOWL - 'B' KISW - 'C' ENGL - 'B' PHY - 'C' CHEM - 'B' BIO - 'A' B/MATH - 'C',S0127,MAKOKO SEMINARY,MARA
52,S0127/0054,M,15,I,CIV - 'C' HIST - 'B' GEO - 'B' B/KNOWL - 'A' KISW - 'C' ENGL - 'C' PHY - 'C' CHEM - 'B' BIO - 'B' B/MATH - 'C',S0127,MAKOKO SEMINARY,MARA
53,S0127/0055,M,13,I,CIV - 'C' HIST - 'B' GEO - 'B' B/KNOWL - 'B' KISW - 'B' ENGL - 'B' PHY - 'C' CHEM - 'B' BIO - 'B' B/MATH - 'A',S0127,MAKOKO SEMINARY,MARA
54,S0127/0056,M,11,I,CIV - 'B' HIST - 'A' GEO - 'B' B/KNOWL - 'B' KISW - 'B' ENGL - 'B' PHY - 'C' CHEM - 'A' BIO - 'A' B/MATH - 'B',S0127,MAKOKO SEMINARY,MARA
55,S0127/0057,M,7,I,CIV - 'C' HIST - 'A' GEO - 'B' B/KNOWL - 'A' KISW - 'A' ENGL - 'A' PHY - 'B' CHEM - 'A' BIO - 'A' B/MATH - 'A',S0127,MAKOKO SEMINARY,MARA
56,S0127/0058,M,-,ABS,CIV - 'X' HIST - 'X' GEO - 'X' KISW - 'X' ENGL - 'X' BIO - 'X' B/MATH - 'X',S0127,MAKOKO SEMINARY,MARA
57,S0127/0059,M,12,I,CIV - 'C' HIST - 'B' GEO - 'B' B/KNOWL - 'A' KISW - 'C' ENGL - 'B' PHY - 'C' CHEM - 'A' BIO - 'A' B/MATH - 'C',S0127,MAKOKO SEMINARY,MARA
58,S0127/0060,M,-,ABS,CIV - 'X' HIST - 'X' GEO - 'X' KISW - 'X' ENGL - 'X' BIO - 'X' B/MATH - 'X',S0127,MAKOKO SEMINARY,MARA
59,S0127/0061,M,19,II,CIV - 'C' HIST - 'B' GEO - 'C' B/KNOWL - 'B' KISW - 'C' ENGL - 'C' BIO - 'C' B/MATH - 'D',S0127,MAKOKO SEMINARY,MARA
60,S0127/0062,M,-,ABS,CIV - 'X' HIST - 'X' GEO - 'X' KISW - 'X' ENGL - 'X' BIO - 'X' B/MATH - 'X',S0127,MAKOKO SEMINARY,MARA
61,S0127/0063,M,18,II,CIV - 'C' HIST - 'C' GEO - 'C' B/KNOWL - 'B' KISW - 'C' ENGL - 'C' PHY - 'D' CHEM - 'B' BIO - 'B' B/MATH - 'C',S0127,MAKOKO SEMINARY,MARA
62,S0127/0064,M,19,II,CIV - 'C' HIST - 'C' GEO - 'C' B/KNOWL - 'C' KISW - 'C' ENGL - 'C' PHY - 'C' CHEM - 'B' BIO - 'B' B/MATH - 'C',S0127,MAKOKO SEMINARY,MARA
63,S0127/0065,M,-,ABS,CIV - 'X' HIST - 'X' GEO - 'X' KISW - 'X' ENGL - 'X' BIO - 'X' B/MATH - 'X',S0127,MAKOKO SEMINARY,MARA
64,S0127/0066,M,14,I,CIV - 'C' HIST - 'B' GEO - 'B' B/KNOWL - 'B' KISW - 'C' ENGL - 'B' PHY - 'D' CHEM - 'B' BIO - 'B' B/MATH - 'B',S0127,MAKOKO SEMINARY,MARA
65,S0127/0067,M,17,I,CIV - 'C' HIST - 'A' GEO - 'C' B/KNOWL - 'A' KISW - 'C' ENGL - 'C' BIO - 'C' B/MATH - 'C',S0127,MAKOKO SEMINARY,MARA
66,S0127/0068,M,17,I,CIV - 'C' HIST - 'B' GEO - 'C' B/KNOWL - 'B' KISW - 'B' ENGL - 'B' BIO - 'C' B/MATH - 'C',S0127,MAKOKO SEMINARY,MARA
67,S0127/0069,M,13,I,CIV - 'C' HIST - 'A' GEO - 'B' B/KNOWL - 'C' KISW - 'C' ENGL - 'B' PHY - 'C' CHEM - 'B' BIO - 'A' B/MATH - 'B',S0127,MAKOKO SEMINARY,MARA
68,S0127/0070,M,12,I,CIV - 'B' HIST - 'B' GEO - 'B' B/KNOWL - 'B' KISW - 'B' ENGL - 'B' PHY - 'C' CHEM - 'A' BIO - 'A' B/MATH - 'B',S0127,MAKOKO SEMINARY,MARA
69,S0127/0071,M,12,I,CIV - 'B' HIST - 'B' GEO - 'B' B/KNOWL - 'B' KISW - 'C' ENGL - 'C' PHY - 'B' CHEM - 'A' BIO - 'B' B/MATH - 'A',S0127,MAKOKO SEMINARY,MARA
0,S0128/0001,M,34,0,CIV - 'F' HIST - 'F' GEO - 'F' KISW - 'F' ENGL - 'F' BIO - 'D' B/MATH - 'F',S0128,MALANGALI,IRINGA
1,S0128/0002,M,23,III,CIV - 'C' HIST - 'C' GEO - 'D' KISW - 'C' ENGL - 'D' LIT ENG - 'C' BIO - 'C' B/MATH - 'F',S0128,MALANGALI,IRINGA
2,S0128/0003,M,25,III,CIV - 'C' HIST - 'D' GEO - 'C' KISW - 'C' ENGL - 'D' LIT ENG - 'D' BIO - 'D' B/MATH - 'F',S0128,MALANGALI,IRINGA
3,S0128/0004,M,18,II,CIV - 'C' HIST - 'B' GEO - 'C' KISW - 'C' ENGL - 'C' LIT ENG - 'C' PHY - 'C' CHEM - 'B' BIO - 'B' B/MATH - 'C',S0128,MALANGALI,IRINGA
4,S0128/0005,M,17,I,CIV - 'C' HIST - 'C' GEO - 'C' KISW - 'C' ENGL - 'A' LIT ENG - 'B' CHEM - 'C' BIO - 'B' B/MATH - 'F',S0128,MALANGALI,IRINGA
5,S0128/0006,M,20,II,CIV - 'C' HIST - 'C' GEO - 'D' KISW - 'B' ENGL - 'C' LIT ENG - 'C' CHEM - 'C' BIO - 'C' B/MATH - 'D',S0128,MALANGALI,IRINGA
6,S0128/0007,M,20,II,CIV - 'C' HIST - 'C' GEO - 'D' KISW - 'B' ENGL - 'C' LIT ENG - 'C' BIO - 'C' B/MATH - 'C',S0128,MALANGALI,IRINGA
7,S0128/0008,M,12,I,CIV - 'B' HIST - 'A' GEO - 'C' KISW - 'B' ENGL - 'A' LIT ENG - 'B' PHY - 'D' CHEM - 'B' BIO - 'B' B/MATH - 'C',S0128,MALANGALI,IRINGA
8,S0128/0009,M,13,I,CIV - 'C' HIST - 'B' GEO - 'B' KISW - 'B' ENGL - 'B' LIT ENG - 'B' PHY - 'D' CHEM - 'B' BIO - 'A' B/MATH - 'C',S0128,MALANGALI,IRINGA
9,S0128/0010,M,14,I,CIV - 'C' HIST - 'B' GEO - 'C' KISW - 'B' ENGL - 'B' LIT ENG - 'C' CHEM - 'A' BIO - 'B' B/MATH - 'B',S0128,MALANGALI,IRINGA
10,S0128/0011,M,7,I,CIV - 'A' HIST - 'A' GEO - 'B' KISW - 'A' ENGL - 'A' FREN - 'A' PHY - 'C' CHEM - 'A' BIO - 'A' B/MATH - 'A',S0128,MALANGALI,IRINGA
11,S0128/0012,M,7,I,CIV - 'B' HIST - 'A' GEO - 'A' KISW - 'A' ENGL - 'A' LIT ENG - 'B' PHY - 'A' CHEM - 'A' BIO - 'A' B/MATH - 'A',S0128,MALANGALI,IRINGA
12,S0128/0013,M,20,II,CIV - 'C' HIST - 'C' GEO - 'C' KISW - 'B' ENGL - 'C' LIT ENG - 'C' CHEM - 'C' BIO - 'C' B/MATH - 'C',S0128,MALANGALI,IRINGA
13,S0128/0014,M,21,II,CIV - 'C' HIST - 'C' GEO - 'C' KISW - 'C' ENGL - 'C' LIT ENG - 'C' BIO - 'C' B/MATH - 'F',S0128,MALANGALI,IRINGA
14,S0128/0015,M,18,II,CIV - 'C' HIST - 'C' GEO - 'C' KISW - 'B' ENGL - 'B' LIT ENG - 'C' PHY - 'D' CHEM - 'C' BIO - 'B' B/MATH - 'D',S0128,MALANGALI,IRINGA
15,S0128/0016,M,30,IV,CIV - 'F' HIST - 'D' GEO - 'F' KISW - 'C' ENGL - 'D' LIT ENG - 'D' BIO - 'F' B/MATH - 'F',S0128,MALANGALI,IRINGA
16,S0128/0017,M,22,III,CIV - 'D' HIST - 'C' GEO - 'C' KISW - 'B' ENGL - 'C' LIT ENG - 'D' BIO - 'C' B/MATH - 'F',S0128,MALANGALI,IRINGA
17,S0128/0018,M,16,I,CIV - 'C' HIST - 'C' GEO - 'B' KISW - 'B' ENGL - 'C' LIT ENG - 'C' PHY - 'C' CHEM - 'B' BIO - 'A' B/MATH - 'C',S0128,MALANGALI,IRINGA
18,S0128/0019,M,22,III,CIV - 'C' HIST - 'D' GEO - 'C' KISW - 'C' ENGL - 'C' LIT ENG - 'C' BIO - 'C' B/MATH - 'F',S0128,MALANGALI,IRINGA
19,S0128/0020,M,8,I,CIV - 'B' HIST - 'A' GEO - 'A' KISW - 'B' ENGL - 'A' FREN - 'B' PHY - 'B' CHEM - 'A' BIO - 'A' B/MATH - 'A',S0128,MALANGALI,IRINGA
20,S0128/0021,M,19,II,CIV - 'C' HIST - 'C' GEO - 'D' KISW - 'B' ENGL - 'C' PHY - 'D' CHEM - 'B' BIO - 'C' B/MATH - 'C',S0128,MALANGALI,IRINGA
21,S0128/0022,M,22,III,CIV - 'C' HIST - 'D' GEO - 'C' KISW - 'C' ENGL - 'C' LIT ENG - 'C' BIO - 'C' B/MATH - 'F',S0128,MALANGALI,IRINGA
22,S0128/0023,M,12,I,CIV - 'C' HIST - 'B' GEO - 'B' KISW - 'C' ENGL - 'B' FREN - 'B' PHY - 'C' CHEM - 'A' BIO - 'A' B/MATH - 'B',S0128,MALANGALI,IRINGA
23,S0128/0024,M,21,II,CIV - 'D' HIST - 'C' GEO - 'C' KISW - 'C' ENGL - 'C' LIT ENG - 'C' CHEM - 'C' BIO - 'C' B/MATH - 'C',S0128,MALANGALI,IRINGA
24,S0128/0025,M,14,I,CIV - 'B' HIST - 'B' GEO - 'B' KISW - 'B' ENGL - 'B' FREN - 'B' PHY - 'D' CHEM - 'B' BIO - 'B' B/MATH - 'C',S0128,MALANGALI,IRINGA
25,S0128/0026,M,23,III,CIV - 'C' HIST - 'C' GEO - 'D' KISW - 'C' ENGL - 'D' LIT ENG - 'C' BIO - 'C' B/MATH - 'F',S0128,MALANGALI,IRINGA
26,S0128/0027,M,34,0,CIV - 'F' HIST - 'F' GEO - 'F' KISW - 'D' ENGL - 'F' BIO - 'F' B/MATH - 'F',S0128,MALANGALI,IRINGA
27,S0128/0028,M,12,I,CIV - 'B' HIST - 'B' GEO - 'B' KISW - 'B' ENGL - 'B' FREN - 'C' PHY - 'C' CHEM - 'A' BIO - 'B' B/MATH - 'A',S0128,MALANGALI,IRINGA
28,S0128/0029,M,19,II,CIV - 'C' HIST - 'C' GEO - 'C' KISW - 'B' ENGL - 'C' FREN - 'D' CHEM - 'B' BIO - 'C' B/MATH - 'C',S0128,MALANGALI,IRINGA
29,S0128/0030,M,14,I,CIV - 'B' HIST - 'B' GEO - 'B' KISW - 'B' ENGL - 'B' LIT ENG - 'C' PHY - 'D' CHEM - 'B' BIO - 'B' B/MATH - 'C',S0128,MALANGALI,IRINGA
30,S0128/0031,M,33,IV,CIV - 'D' HIST - 'F' GEO - 'F' KISW - 'D' ENGL - 'F' BIO - 'F' B/MATH - 'F',S0128,MALANGALI,IRINGA
31,S0128/0032,M,15,I,CIV - 'B' HIST - 'B' GEO - 'B' KISW - 'B' ENGL - 'B' LIT ENG - 'C' PHY - 'D' CHEM - 'C' BIO - 'B' B/MATH - 'C',S0128,MALANGALI,IRINGA
32,S0128/0033,M,24,III,CIV - 'C' HIST - 'C' GEO - 'C' KISW - 'C' ENGL - 'D' LIT ENG - 'D' BIO - 'D' B/MATH - 'F',S0128,MALANGALI,IRINGA
33,S0128/0034,M,9,I,CIV - 'B' HIST - 'B' GEO - 'A' KISW - 'A' ENGL - 'A' FREN - 'B' PHY - 'C' CHEM - 'A' BIO - 'A' B/MATH - 'B',S0128,MALANGALI,IRINGA
34,S0128/0035,M,17,I,CIV - 'C' HIST - 'C' GEO - 'C' KISW - 'B' ENGL - 'B' CHEM - 'B' BIO - 'B' B/MATH - 'C',S0128,MALANGALI,IRINGA
35,S0128/0036,M,20,II,CIV - 'C' HIST - 'B' GEO - 'C' KISW - 'C' ENGL - 'C' LIT ENG - 'C' CHEM - 'D' BIO - 'C' B/MATH - 'F',S0128,MALANGALI,IRINGA
36,S0128/0037,M,11,I,CIV - 'B' HIST - 'B' GEO - 'B' KISW - 'B' ENGL - 'B' LIT ENG - 'C' PHY - 'C' CHEM - 'A' BIO - 'A' B/MATH - 'A',S0128,MALANGALI,IRINGA
37,S0128/0038,M,12,I,CIV - 'C' HIST - 'A' GEO - 'B' KISW - 'A' ENGL - 'C' LIT ENG - 'B' PHY - 'C' CHEM - 'B' BIO - 'B' B/MATH - 'B',S0128,MALANGALI,IRINGA
38,S0128/0039,M,12,I,CIV - 'C' HIST - 'A' GEO - 'B' KISW - 'A' ENGL - 'C' FREN - 'C' PHY - 'C' CHEM - 'A' BIO - 'B' B/MATH - 'B',S0128,MALANGALI,IRINGA
39,S0128/0040,M,33,IV,CIV - 'F' HIST - 'F' GEO - 'F' KISW - 'F' ENGL - 'F' BIO - 'C' B/MATH - 'F',S0128,MALANGALI,IRINGA
40,S0128/0041,M,15,I,CIV - 'C' HIST - 'C' GEO - 'B' KISW - 'B' ENGL - 'B' LIT ENG - 'C' CHEM - 'B' BIO - 'B' B/MATH - 'B',S0128,MALANGALI,IRINGA
41,S0128/0042,M,19,II,CIV - 'C' HIST - 'B' GEO - 'C' KISW - 'C' ENGL - 'C' LIT ENG - 'C' CHEM - 'C' BIO - 'B' B/MATH - 'F',S0128,MALANGALI,IRINGA
42,S0128/0043,M,16,I,CIV - 'B' HIST - 'A' GEO - 'C' KISW - 'C' ENGL - 'B' LIT ENG - 'C' CHEM - 'C' BIO - 'B' B/MATH - 'D',S0128,MALANGALI,IRINGA
43,S0128/0044,M,21,II,CIV - 'C' HIST - 'C' GEO - 'C' KISW - 'C' ENGL - 'D' LIT ENG - 'C' CHEM - 'C' BIO - 'C' B/MATH - 'D',S0128,MALANGALI,IRINGA
44,S0128/0045,M,33,IV,CIV - 'F' HIST - 'F' GEO - 'F' KISW - 'C' ENGL - 'F' BIO - 'F' B/MATH - 'F',S0128,MALANGALI,IRINGA
45,S0128/0046,M,16,I,CIV - 'B' HIST - 'B' GEO - 'C' KISW - 'C' ENGL - 'B' LIT ENG - 'C' PHY - 'D' CHEM - 'B' BIO - 'B' B/MATH - 'D',S0128,MALANGALI,IRINGA
46,S0128/0047,M,19,II,CIV - 'B' HIST - 'C' GEO - 'C' KISW - 'B' ENGL - 'C' LIT ENG - 'C' PHY - 'D' CHEM - 'C' BIO - 'C' B/MATH - 'C',S0128,MALANGALI,IRINGA
47,S0128/0048,M,19,II,CIV - 'C' HIST - 'C' GEO - 'C' KISW - 'B' ENGL - 'C' LIT ENG - 'C' PHY - 'D' CHEM - 'B' BIO - 'C' B/MATH - 'C',S0128,MALANGALI,IRINGA
48,S0128/0049,M,20,II,CIV - 'C' HIST - 'C' GEO - 'C' KISW - 'B' ENGL - 'C' LIT ENG - 'C' PHY - 'C' CHEM - 'C' BIO - 'C' B/MATH - 'C',S0128,MALANGALI,IRINGA
49,S0128/0050,M,16,I,CIV - 'B' HIST - 'C' GEO - 'C' KISW - 'C' ENGL - 'B' LIT ENG - 'B' PHY - 'D' CHEM - 'B' BIO - 'B' B/MATH - 'C',S0128,MALANGALI,IRINGA
50,S0128/0051,M,11,I,CIV - 'B' HIST - 'A' GEO - 'B' KISW - 'A' ENGL - 'B' LIT ENG - 'B' PHY - 'D' CHEM - 'A' BIO - 'B' B/MATH - 'B',S0128,MALANGALI,IRINGA
0,S0130/0001,M,8,I,CIV - 'B' HIST - 'A' GEO - 'B' B/KNOWL - 'A' KISW - 'C' ENGL - 'A' PHY - 'C' CHEM - 'A' BIO - 'A' B/MATH - 'A',S0130,MAUA SEMINARY,KILIMANJARO
1,S0130/0002,M,7,I,CIV - 'B' HIST - 'A' GEO - 'A' B/KNOWL - 'A' KISW - 'B' ENGL - 'A' PHY - 'B' CHEM - 'A' BIO - 'A' B/MATH - 'A',S0130,MAUA SEMINARY,KILIMANJARO
2,S0130/0003,M,9,I,CIV - 'B' HIST - 'A' GEO - 'C' B/KNOWL - 'A' KISW - 'B' ENGL - 'A' CHEM - 'A' BIO - 'A' B/MATH - 'C',S0130,MAUA SEMINARY,KILIMANJARO
3,S0130/0004,M,13,I,CIV - 'B' HIST - 'A' GEO - 'B' B/KNOWL - 'B' KISW - 'C' ENGL - 'B' CHEM - 'B' BIO - 'B' B/MATH - 'C',S0130,MAUA SEMINARY,KILIMANJARO
4,S0130/0005,M,8,I,CIV - 'B' HIST - 'A' GEO - 'A' B/KNOWL - 'C' KISW - 'B' ENGL - 'A' PHY - 'C' CHEM - 'A' BIO - 'A' B/MATH - 'A',S0130,MAUA SEMINARY,KILIMANJARO
5,S0130/0006,M,12,I,CIV - 'B' HIST - 'B' GEO - 'B' B/KNOWL - 'C' KISW - 'A' ENGL - 'B' PHY - 'C' CHEM - 'A' BIO - 'B' B/MATH - 'C',S0130,MAUA SEMINARY,KILIMANJARO
6,S0130/0007,M,8,I,CIV - 'B' HIST - 'A' GEO - 'B' B/KNOWL - 'A' KISW - 'C' ENGL - 'A' PHY - 'B' CHEM - 'A' BIO - 'A' B/MATH - 'A',S0130,MAUA SEMINARY,KILIMANJARO
7,S0130/0008,M,15,I,CIV - 'C' HIST - 'B' GEO - 'C' B/KNOWL - 'A' KISW - 'B' ENGL - 'B' CHEM - 'C' BIO - 'B' B/MATH - 'C',S0130,MAUA SEMINARY,KILIMANJARO
8,S0130/0009,M,12,I,CIV - 'B' HIST - 'B' GEO - 'B' B/KNOWL - 'A' KISW - 'B' ENGL - 'A' CHEM - 'C' BIO - 'B' B/MATH - 'D',S0130,MAUA SEMINARY,KILIMANJARO
9,S0130/0010,M,9,I,CIV - 'B' HIST - 'A' GEO - 'B' B/KNOWL - 'A' KISW - 'B' ENGL - 'A' PHY - 'C' CHEM - 'A' BIO - 'A' B/MATH - 'C',S0130,MAUA SEMINARY,KILIMANJARO
10,S0130/0011,M,16,I,CIV - 'C' HIST - 'B' GEO - 'C' B/KNOWL - 'C' KISW - 'C' ENGL - 'A' PHY - 'D' CHEM - 'C' BIO - 'A' B/MATH - 'D',S0130,MAUA SEMINARY,KILIMANJARO
11,S0130/0012,M,12,I,CIV - 'B' HIST - 'A' GEO - 'C' B/KNOWL - 'B' KISW - 'C' ENGL - 'A' CHEM - 'B' BIO - 'A' B/MATH - 'C',S0130,MAUA SEMINARY,KILIMANJARO
12,S0130/0013,M,13,I,CIV - 'B' HIST - 'A' GEO - 'B' B/KNOWL - 'B' KISW - 'B' ENGL - 'B' CHEM - 'B' BIO - 'B' B/MATH - 'D',S0130,MAUA SEMINARY,KILIMANJARO
13,S0130/0014,M,12,I,CIV - 'B' HIST - 'B' GEO - 'B' B/KNOWL - 'A' KISW - 'C' ENGL - 'A' PHY - 'C' CHEM - 'B' BIO - 'B' B/MATH - 'B',S0130,MAUA SEMINARY,KILIMANJARO
14,S0130/0015,M,11,I,CIV - 'C' HIST - 'A' GEO - 'B' B/KNOWL - 'B' KISW - 'B' ENGL - 'A' CHEM - 'B' BIO - 'A' B/MATH - 'C',S0130,MAUA SEMINARY,KILIMANJARO
15,S0130/0016,M,7,I,CIV - 'B' HIST - 'A' GEO - 'A' B/KNOWL - 'A' KISW - 'A' ENGL - 'A' PHY - 'B' CHEM - 'A' BIO - 'A' B/MATH - 'A',S0130,MAUA SEMINARY,KILIMANJARO
16,S0130/0017,M,10,I,CIV - 'B' HIST - 'A' GEO - 'B' B/KNOWL - 'A' KISW - 'B' ENGL - 'A' PHY - 'C' CHEM - 'B' BIO - 'A' B/MATH - 'C',S0130,MAUA SEMINARY,KILIMANJARO
17,S0130/0018,M,14,I,CIV - 'C' HIST - 'B' GEO - 'C' B/KNOWL - 'B' KISW - 'C' ENGL - 'A' PHY - 'C' CHEM - 'A' BIO - 'B' B/MATH - 'C',S0130,MAUA SEMINARY,KILIMANJARO
18,S0130/0019,M,16,I,CIV - 'C' HIST - 'A' GEO - 'C' B/KNOWL - 'B' KISW - 'C' ENGL - 'B' CHEM - 'C' BIO - 'B' B/MATH - 'D',S0130,MAUA SEMINARY,KILIMANJARO
19,S0130/0020,M,16,I,CIV - 'B' HIST - 'A' GEO - 'C' B/KNOWL - 'B' KISW - 'C' ENGL - 'B' BIO - 'C' B/MATH - 'C',S0130,MAUA SEMINARY,KILIMANJARO
20,S0130/0021,M,9,I,CIV - 'B' HIST - 'A' GEO - 'C' B/KNOWL - 'A' KISW - 'B' ENGL - 'A' CHEM - 'B' BIO - 'A' B/MATH - 'A',S0130,MAUA SEMINARY,KILIMANJARO
21,S0130/0022,M,12,I,CIV - 'B' HIST - 'B' GEO - 'B' B/KNOWL - 'B' KISW - 'C' ENGL - 'B' CHEM - 'A' BIO - 'A' B/MATH - 'B',S0130,MAUA SEMINARY,KILIMANJARO
22,S0130/0023,M,16,I,CIV - 'C' HIST - 'B' GEO - 'C' B/KNOWL - 'C' KISW - 'C' ENGL - 'B' PHY - 'C' CHEM - 'B' BIO - 'B' B/MATH - 'B',S0130,MAUA SEMINARY,KILIMANJARO
23,S0130/0024,M,13,I,CIV - 'B' HIST - 'B' GEO - 'C' B/KNOWL - 'B' KISW - 'C' ENGL - 'A' PHY - 'C' CHEM - 'B' BIO - 'A' B/MATH - 'C',S0130,MAUA SEMINARY,KILIMANJARO
24,S0130/0025,M,13,I,CIV - 'B' HIST - 'A' GEO - 'B' B/KNOWL - 'C' KISW - 'C' ENGL - 'B' PHY - 'C' CHEM - 'B' BIO - 'B' B/MATH - 'B',S0130,MAUA SEMINARY,KILIMANJARO
25,S0130/0026,M,15,I,CIV - 'B' HIST - 'A' GEO - 'C' B/KNOWL - 'B' KISW - 'C' ENGL - 'C' CHEM - 'B' BIO - 'B' B/MATH - 'D',S0130,MAUA SEMINARY,KILIMANJARO
26,S0130/0027,M,14,I,CIV - 'B' HIST - 'B' GEO - 'B' B/KNOWL - 'B' KISW - 'B' ENGL - 'B' BIO - 'B' B/MATH - 'C',S0130,MAUA SEMINARY,KILIMANJARO
27,S0130/0028,M,12,I,CIV - 'B' HIST - 'A' GEO - 'C' B/KNOWL - 'B' KISW - 'B' ENGL - 'B' PHY - 'C' CHEM - 'B' BIO - 'A' B/MATH - 'D',S0130,MAUA SEMINARY,KILIMANJARO
28,S0130/0029,M,12,I,CIV - 'B' HIST - 'B' GEO - 'C' B/KNOWL - 'B' KISW - 'B' ENGL - 'A' PHY - 'D' CHEM - 'B' BIO - 'A' B/MATH - 'D',S0130,MAUA SEMINARY,KILIMANJARO
29,S0130/0030,M,11,I,CIV - 'B' HIST - 'A' GEO - 'B' B/KNOWL - 'B' KISW - 'C' ENGL - 'B' PHY - 'C' CHEM - 'A' BIO - 'A' B/MATH - 'B',S0130,MAUA SEMINARY,KILIMANJARO
30,S0130/0031,M,12,I,CIV - 'B' HIST - 'B' GEO - 'B' B/KNOWL - 'A' KISW - 'B' ENGL - 'A' PHY - 'C' CHEM - 'B' BIO - 'B' B/MATH - 'B',S0130,MAUA SEMINARY,KILIMANJARO
31,S0130/0032,M,11,I,CIV - 'B' HIST - 'B' GEO - 'B' B/KNOWL - 'A' KISW - 'B' ENGL - 'B' PHY - 'C' CHEM - 'A' BIO - 'A' B/MATH - 'C',S0130,MAUA SEMINARY,KILIMANJARO
32,S0130/0033,M,11,I,CIV - 'A' HIST - 'A' GEO - 'B' B/KNOWL - 'B' KISW - 'B' ENGL - 'B' CHEM - 'B' BIO - 'A' B/MATH - 'D',S0130,MAUA SEMINARY,KILIMANJARO
33,S0130/0034,M,14,I,CIV - 'C' HIST - 'B' GEO - 'C' B/KNOWL - 'A' KISW - 'C' ENGL - 'A' CHEM - 'C' BIO - 'A' B/MATH - 'C',S0130,MAUA SEMINARY,KILIMANJARO
34,S0130/0035,M,17,I,CIV - 'C' HIST - 'B' GEO - 'C' B/KNOWL - 'B' KISW - 'C' ENGL - 'B' CHEM - 'C' BIO - 'B' B/MATH - 'F',S0130,MAUA SEMINARY,KILIMANJARO
35,S0130/0036,M,15,I,CIV - 'B' HIST - 'C' GEO - 'C' B/KNOWL - 'B' KISW - 'C' ENGL - 'B' PHY - 'C' CHEM - 'B' BIO - 'A' B/MATH - 'C',S0130,MAUA SEMINARY,KILIMANJARO
36,S0130/0037,M,17,I,CIV - 'C' HIST - 'B' GEO - 'C' B/KNOWL - 'B' KISW - 'C' ENGL - 'B' CHEM - 'C' BIO - 'B' B/MATH - 'D',S0130,MAUA SEMINARY,KILIMANJARO
37,S0130/0038,M,10,I,CIV - 'B' HIST - 'A' GEO - 'B' B/KNOWL - 'A' KISW - 'B' ENGL - 'A' CHEM - 'B' BIO - 'A' B/MATH - 'B',S0130,MAUA SEMINARY,KILIMANJARO
38,S0130/0039,M,15,I,CIV - 'C' HIST - 'A' GEO - 'B' B/KNOWL - 'B' KISW - 'C' ENGL - 'B' CHEM - 'C' BIO - 'B' B/MATH - 'C',S0130,MAUA SEMINARY,KILIMANJARO
39,S0130/0040,M,16,I,CIV - 'C' HIST - 'C' GEO - 'C' B/KNOWL - 'B' KISW - 'B' ENGL - 'B' CHEM - 'B' BIO - 'B' B/MATH - 'C',S0130,MAUA SEMINARY,KILIMANJARO
40,S0130/0041,M,18,II,CIV - 'B' HIST - 'C' GEO - 'C' B/KNOWL - 'C' KISW - 'C' ENGL - 'A' BIO - 'C' B/MATH - 'D',S0130,MAUA SEMINARY,KILIMANJARO
41,S0130/0042,M,14,I,CIV - 'B' HIST - 'A' GEO - 'C' B/KNOWL - 'C' KISW - 'B' ENGL - 'B' PHY - 'C' CHEM - 'B' BIO - 'B' B/MATH - 'C',S0130,MAUA SEMINARY,KILIMANJARO
42,S0130/0043,M,20,II,CIV - 'C' HIST - 'C' GEO - 'D' B/KNOWL - 'C' KISW - 'C' ENGL - 'B' CHEM - 'C' BIO - 'C' B/MATH - 'C',S0130,MAUA SEMINARY,KILIMANJARO
43,S0130/0044,M,9,I,CIV - 'B' HIST - 'B' GEO - 'A' B/KNOWL - 'A' KISW - 'B' ENGL - 'A' PHY - 'C' CHEM - 'A' BIO - 'B' B/MATH - 'A',S0130,MAUA SEMINARY,KILIMANJARO
44,S0130/0045,M,8,I,CIV - 'B' HIST - 'A' GEO - 'B' B/KNOWL - 'A' KISW - 'A' ENGL - 'A' PHY - 'C' CHEM - 'A' BIO - 'A' B/MATH - 'B',S0130,MAUA SEMINARY,KILIMANJARO
45,S0130/0046,M,8,I,CIV - 'B' HIST - 'B' GEO - 'C' B/KNOWL - 'A' KISW - 'A' ENGL - 'A' PHY - 'C' CHEM - 'A' BIO - 'A' B/MATH - 'A',S0130,MAUA SEMINARY,KILIMANJARO
46,S0130/0047,M,10,I,CIV - 'C' HIST - 'B' GEO - 'C' B/KNOWL - 'A' KISW - 'B' ENGL - 'A' PHY - 'C' CHEM - 'A' BIO - 'A' B/MATH - 'B',S0130,MAUA SEMINARY,KILIMANJARO
47,S0130/0048,M,7,I,CIV - 'B' HIST - 'A' GEO - 'B' B/KNOWL - 'A' KISW - 'A' ENGL - 'A' PHY - 'B' CHEM - 'A' BIO - 'A' B/MATH - 'A',S0130,MAUA SEMINARY,KILIMANJARO
48,S0130/0049,M,8,I,CIV - 'A' HIST - 'B' GEO - 'B' B/KNOWL - 'A' KISW - 'B' ENGL - 'A' PHY - 'C' CHEM - 'A' BIO - 'A' B/MATH - 'A',S0130,MAUA SEMINARY,KILIMANJARO
49,S0130/0050,M,16,I,CIV - 'B' HIST - 'C' GEO - 'C' B/KNOWL - 'C' KISW - 'C' ENGL - 'A' CHEM - 'B' BIO - 'B' B/MATH - 'C',S0130,MAUA SEMINARY,KILIMANJARO
50,S0130/0051,M,13,I,CIV - 'B' HIST - 'A' GEO - 'C' B/KNOWL - 'B' KISW - 'C' ENGL - 'A' PHY - 'C' CHEM - 'B' BIO - 'B' B/MATH - 'C',S0130,MAUA SEMINARY,KILIMANJARO
51,S0130/0052,M,7,I,CIV - 'A' HIST - 'A' GEO - 'B' B/KNOWL - 'A' KISW - 'A' ENGL - 'A' PHY - 'C' CHEM - 'A' BIO - 'A' B/MATH - 'B',S0130,MAUA SEMINARY,KILIMANJARO
52,S0130/0053,M,15,I,CIV - 'B' HIST - 'B' GEO - 'C' B/KNOWL - 'C' KISW - 'C' ENGL - 'A' CHEM - 'B' BIO - 'B' B/MATH - 'C',S0130,MAUA SEMINARY,KILIMANJARO
53,S0130/0054,M,11,I,CIV - 'B' HIST - 'A' GEO - 'B' B/KNOWL - 'B' KISW - 'C' ENGL - 'A' PHY - 'C' CHEM - 'B' BIO - 'A' B/MATH - 'B',S0130,MAUA SEMINARY,KILIMANJARO
54,S0130/0055,M,8,I,CIV - 'A' HIST - 'A' GEO - 'B' B/KNOWL - 'A' KISW - 'B' ENGL - 'A' PHY - 'C' CHEM - 'A' BIO - 'A' B/MATH - 'B',S0130,MAUA SEMINARY,KILIMANJARO
55,S0130/0056,M,15,I,CIV - 'C' HIST - 'B' GEO - 'C' B/KNOWL - 'B' KISW - 'C' ENGL - 'B' PHY - 'C' CHEM - 'B' BIO - 'B' B/MATH - 'B',S0130,MAUA SEMINARY,KILIMANJARO
56,S0130/0057,M,18,II,CIV - 'C' HIST - 'C' GEO - 'C' B/KNOWL - 'C' KISW - 'C' ENGL - 'A' CHEM - 'C' BIO - 'B' B/MATH - 'D',S0130,MAUA SEMINARY,KILIMANJARO
57,S0130/0058,M,13,I,CIV - 'C' HIST - 'A' GEO - 'C' B/KNOWL - 'B' KISW - 'C' ENGL - 'A' CHEM - 'B' BIO - 'A' B/MATH - 'D',S0130,MAUA SEMINARY,KILIMANJARO
58,S0130/0059,M,19,II,CIV - 'C' HIST - 'C' GEO - 'C' B/KNOWL - 'B' KISW - 'C' ENGL - 'C' CHEM - 'C' BIO - 'B' B/MATH - 'F',S0130,MAUA SEMINARY,KILIMANJARO
59,S0130/0060,M,11,I,CIV - 'B' HIST - 'A' GEO - 'C' B/KNOWL - 'B' KISW - 'C' ENGL - 'A' PHY - 'C' CHEM - 'B' BIO - 'A' B/MATH - 'B',S0130,MAUA SEMINARY,KILIMANJARO
60,S0130/0061,M,9,I,CIV - 'B' HIST - 'A' GEO - 'B' B/KNOWL - 'A' KISW - 'B' ENGL - 'A' CHEM - 'A' BIO - 'A' B/MATH - 'B',S0130,MAUA SEMINARY,KILIMANJARO
61,S0130/0062,M,11,I,CIV - 'B' HIST - 'A' GEO - 'B' B/KNOWL - 'C' KISW - 'B' ENGL - 'A' PHY - 'B' CHEM - 'B' BIO - 'A' B/MATH - 'B',S0130,MAUA SEMINARY,KILIMANJARO
62,S0130/0063,M,8,I,CIV - 'B' HIST - 'A' GEO - 'A' B/KNOWL - 'A' KISW - 'C' ENGL - 'A' PHY - 'B' CHEM - 'A' BIO - 'A' B/MATH - 'B',S0130,MAUA SEMINARY,KILIMANJARO
63,S0130/0064,M,10,I,CIV - 'B' HIST - 'A' GEO - 'B' B/KNOWL - 'A' KISW - 'B' ENGL - 'A' CHEM - 'B' BIO - 'A' B/MATH - 'C',S0130,MAUA SEMINARY,KILIMANJARO
64,S0130/0065,M,8,I,CIV - 'B' HIST - 'A' GEO - 'B' B/KNOWL - 'A' KISW - 'B' ENGL - 'A' PHY - 'B' CHEM - 'A' BIO - 'A' B/MATH - 'A',S0130,MAUA SEMINARY,KILIMANJARO
65,S0130/0066,M,7,I,CIV - 'A' HIST - 'A' GEO - 'A' B/KNOWL - 'A' KISW - 'B' ENGL - 'A' PHY - 'A' CHEM - 'A' BIO - 'A' B/MATH - 'A',S0130,MAUA SEMINARY,KILIMANJARO
66,S0130/0067,M,12,I,CIV - 'B' HIST - 'A' GEO - 'C' B/KNOWL - 'A' KISW - 'C' ENGL - 'A' PHY - 'C' CHEM - 'B' BIO - 'B' B/MATH - 'C',S0130,MAUA SEMINARY,KILIMANJARO
67,S0130/0068,M,8,I,CIV - 'A' HIST - 'A' GEO - 'B' B/KNOWL - 'A' KISW - 'B' ENGL - 'A' CHEM - 'A' BIO - 'A' B/MATH - 'C',S0130,MAUA SEMINARY,KILIMANJARO
68,S0130/0069,M,8,I,CIV - 'A' HIST - 'A' GEO - 'B' B/KNOWL - 'A' KISW - 'B' ENGL - 'A' PHY - 'C' CHEM - 'A' BIO - 'A' B/MATH - 'B',S0130,MAUA SEMINARY,KILIMANJARO
69,S0130/0070,M,12,I,CIV - 'B' HIST - 'A' GEO - 'C' B/KNOWL - 'C' KISW - 'B' ENGL - 'A' PHY - 'C' CHEM - 'B' BIO - 'A' B/MATH - 'C',S0130,MAUA SEMINARY,KILIMANJARO
70,S0130/0071,M,11,I,CIV - 'B' HIST - 'A' GEO - 'B' B/KNOWL - 'B' KISW - 'B' ENGL - 'A' CHEM - 'B' BIO - 'A' B/MATH - 'C',S0130,MAUA SEMINARY,KILIMANJARO
71,S0130/0072,M,9,I,CIV - 'B' HIST - 'A' GEO - 'B' B/KNOWL - 'A' KISW - 'B' ENGL - 'A' CHEM - 'A' BIO - 'A' B/MATH - 'C',S0130,MAUA SEMINARY,KILIMANJARO
72,S0130/0073,M,18,II,CIV - 'B' HIST - 'C' GEO - 'C' B/KNOWL - 'C' KISW - 'C' ENGL - 'B' CHEM - 'B' BIO - 'C' B/MATH - 'D',S0130,MAUA SEMINARY,KILIMANJARO
73,S0130/0074,M,8,I,CIV - 'B' HIST - 'A' GEO - 'B' B/KNOWL - 'A' KISW - 'C' ENGL - 'A' PHY - 'C' CHEM - 'A' BIO - 'A' B/MATH - 'A',S0130,MAUA SEMINARY,KILIMANJARO
74,S0130/0075,M,7,I,CIV - 'B' HIST - 'A' GEO - 'A' B/KNOWL - 'A' KISW - 'B' ENGL - 'A' PHY - 'B' CHEM - 'A' BIO - 'A' B/MATH - 'A',S0130,MAUA SEMINARY,KILIMANJARO
